기사 제목,게재일,YEAR,기사,기사_명사
[태평로] 경제 난국 돌파 막는 수구 집단 누구인가,2019-04-08,2019,"미국 샌프란시스코는 요즘 줄 잇는 억만장자 탄생으로 들썩이고 있다. 지난달 29일 미국 2위 차량 공유업체 리프트(Lyft)가 상장과 동시에 현대자동차에 맞먹는 시가총액 25조원 기업으로 등장했다. 34세 동갑내기 공동 창업자인 로건 그린과 존 지머는 각각 7400억원, 5140억원 자산의 갑부가 됐다.며칠 더 있으면 더 엄청난 갑부들이 탄생한다. 세계 1위 차량 공유업체 우버와 사진 공유업체인 핀터레스트가 이달 중 상장할 예정이다. 우버의 상장 후 기업 가치는 1200억달러(약 136조원)가 넘을 것이라는 전망이 나온다. 현대자동차 6개와 맞먹는 수준이다. 공동 창업자 트래비스 캘러닉과 개릿 캠프를 포함해 1000명 이상의 우버 임직원들이 예비 억만장자 명단에 이름을 올렸다. 여기에다 숙박 공유업체 에어비앤비, 식료품 배달업체 포스트메이츠, 기업용 메신저업체 슬랙, 빅데이터 기술업체 팰런티어 테크놀로지 등 유니콘 기업(기업 가치가 1조원이 넘는 비상장기업)들이 줄줄이 상장을 추진하고 있다.이들은 한결같이 창업한 지 10년 안팎에 불과한 기업들이고, 창업자들은 대부분 이제야 30대인 청년들이다. 미국은 계속 신흥 기업, 신산업, 청년 억만장자를 만들어내고 있다. 한국에선 억만장자 탄생 스토리가 드물다. 그나마 십수 년 전엔 이해진·김정주·김택진이 있었고, 수년 전엔 애니팡, 내비게이션 김기사, 우아한형제들(배달의 민족)이 있었는데 최근엔 뚝 끊겼다.경제의 신진대사는 새로운 기업과 신산업이 경쟁력이 다한 기업과 산업을 도태시키고 밀어내는 식으로 이루어진다. 미국이 그것을 보여주고 있다. 창업 10년밖에 안 된 우버가 110년이 넘은 GM·포드 가치의 몇 배가 됐고, 세계 자동차 산업의 지형까지 뒤흔들고 있다. 미국에서는 이런 산업 혁신과 신진대사가 유통·교통·금융·미디어·음식배달 등 다양한 분야에서 전방위적으로 일어나고 있다. 한국에서도 이런 분야에서 창업하려는 젊은이들이 있었다. 그러나 정부가, 공무원들이, 이익집단이 그것을 막았다. 이 정부는 카풀 사업을 또 막고 있다.문재인 정부는 경제가 어려운 게 구조적인 문제라고 한다. 제조업의 경쟁력이 떨어지고 있기 때문이라고 한다. 부분적으로 맞는 이야기다. 그렇다고 재벌과 기존 대기업들이 그런 구조적 위기를 타개할 수 있을까? 그들은 경제가 어렵고 위기라고 하면 현금부터 쌓아두기에 바빴다. 무얼 하는 게 아니라 아무것도 않는 것으로 위기에 대응해왔다. 그러면서 배당과 자사주 소각에 천문학적인 돈을 쓴다. 삼성전자가 2015년 이후 지금까지 자사주 소각에 쓴 돈만 60조원이다. 그 돈이면 새로운 사업 수십 개에 도전해봤을 것이다.기존 산업의 경쟁력이 떨어졌으면, 신산업에 도전해야 한다. 정부는 그런 산업을 키우지는 못할망정 그걸 막지는 말아야 한다. 그런데 막고 있다. 공유 차량 서비스, 핀테크, 원격 의료, 인공지능 분야 데이터 활용, 어느 것 하나 뚫린 곳이 없다. 이 정부는 마치 재벌 개혁을 부르짖는 듯하지만 실제로는 그들의 기득권 보호에 매달린다. 얽히고설킨 규제 덩어리로 혁신 사업의 싹을 밟으면서 신산업, 새 갑부의 탄생을 막고 있다. 기존 산업의 강자(强者)인 재벌과 대기업 기득권만 지켜주는 꼴이다. 수구적이다.김상조 공정거래위원장은 최근 토론회에서 ""5년 후, 10년 후 우리가 뭘 먹고 살 것인지 답이 잘 보이지 않는다""고 했다고 한다. 기가 막힌 소리다. 그런 걱정 하면서 앉아있지 말고, 신산업의 뒷다리 잡는 정치집단과 관료, 기득권 이익집단과 정면 승부를 걸어보라.",미국 샌프란시스코 억만장자 탄생 미국 차량 공유 업체 리프트 상장 동시 자동차 시가총액 기업 등장 동갑 내기 공동 창업 로건 그린 각각 자산 갑부 며칠 갑부 탄생 세계 차량 공유 업체 우버 사진 공유 업체 핀터레스트 상장 예정 우버 상장 기업 가치 전망 현대 자동차 수준 공동 창업 트래비스 개릿 캠프 포함 이상 우버 직원 예비 억만장자 명단 이름 여기 숙박 공유 업체 에어비앤비 식료품 배달 업체 포스트 메이 기업 메신저 업체 슬랙 빅데이터 기술 업체 팰런 티어 테크놀로지 유니콘 기업 기업 가치 비상 기업 줄줄이 상장 추진 창업 안팎 기업 창업 대부분 이제야 대인 청년 미국 계속 신흥 기업 산업 청년 억만장자 한국 억만장자 탄생 스토리 십수 이해진 김정주 김택진 수년 애니팡 내비게이션 기사 형제 배달 민족 최근 경제 신진대사 기업 산업 경쟁력 다한 기업 산업 도태 미국 창업 우버 포드 가치 세계 자동차 산업 지형 미국 산업 혁신 신진대사 유통 교통 금융 미디어 음식 배달 분야 방위 일어나고 한국 분야 창업 젊은이 정부 공무원 이익 집단 정부 카풀 사업 문재인 정부 경제 구조 문제 제조업 경쟁력 부분 이야기 재벌 기존 대기업 구조 위기 타개 경제 위기 현금 두기 무얼 위기 대응 배당 사주 소각 천문학 전자 이후 지금 사주 소각 사업 수십 도전 기존 산업 경쟁력 산업 도전 정부 산업 망정 공유 차량 서비스 테크 원격 의료 인공 지능 분야 데이터 활용 하나 정부 마치 재벌 개혁 실제 기득권 보호 설킨 규제 덩어리 혁신 사업 산업 갑부 탄생 기존 산업 재벌 대기업 기득권 수구 김상조 정거 위원장 최근 토론회 보이지 소리 걱정 산업 뒷다리 정치 집단 관료 기득권 이익 집단 정면 승부 보라
항공권·숙소·여행지 액티비티까지 한번에 예약·결제,2019-04-08,2019,"최근 바쁜 일상 속 힐링을 원하는 사람들 사이에서 자유여행이 하나의 트렌드로 떠오르고 있다. 패키지여행은 짜인 일정대로 움직여야 하지만, 자유여행은 자신의 성향에 맞춰 일정을 계획할 수 있어서다. 그러나 방대한 여행 정보와 복잡한 예약·결제방식 등으로 인해 합리적인 여행계획을 세우기란 쉬운 일이 아니다.",최근 일상 힐링 사람 사이 자유여행 하나 트렌드 패키지 여행 일정 자유여행 자신 성향 일정 계획 여행 정보 예약 결제 방식 합리 여행 계획
"이해찬, 이제야 ""경제정책 이대론 안된다""",2019-04-06,2019,"4·3 보궐선거에서 당선자를 내지 못한 더불어민주당 이해찬 대표가 향후 당·청(黨靑) 관계와 정책 기조의 변화를 예고했다. 경기 침체로 인해 민심이 돌아섰다는 지적이 잇따르자, 청와대를 겨냥해 당이 더 적극적인 역할을 하겠다는 입장을 드러낸 것이다. 그러나 당 안팎에선 ""지금 체제로는 내년 총선도 어려울 수 있다""는 '이해찬 한계론'이 제기됐다.이 대표는 5일 당 최고위원회의에서 ""선거 현장 분위기로 보면 경제 상황에 대한 불만과 호소가 많았다""며 ""이 상황을 그대로 유지할 수는 없고 경제·민생 문제에 좀 더 전력해야 한다""고 했다. ""5월 9일이면 문재인 정부가 출범한 지 2년""이라며 ""앞으로 3년간 정부와 당을 어떻게 운영할지 평가하는 기회를 갖겠다""고도 했다. 청와대가 독주하다시피 이끌어왔던 소득 주도 성장·탈원전 등 경제 정책에 대해 앞으로 할 말을 하겠다는 의미로 해석됐다.이 대표는 정부의 최저임금 인상 기조에도 변화를 줄 수 있다는 취지로 말했다. 의원총회에서 ""그동안 주로 임금 인상에만 초점을 맞췄는데, 임금만이 모든 것을 해결하는 게 아니다""라고 했다. 다른 지도부 의원들도 잇따라 자성론을 폈다. 남인순 최고위원은 ""바짝 긴장하라고 (국민이) 경고한 것""이라고 했고, 김해영 최고위원은 ""더 낮은 자세로 국민 목소리를 경청하겠다""고 했다.반면 여권에선 이 대표에 대한 비판이 나왔다. 무소속 손혜원 의원은 4일 이 대표를 '꼰대' 등에 빗댄 지인의 글을 페이스북에 공유해 논란이 일었다. 이 글은 '이해찬이 움직이는 곳에는 군중도 없고 효과도 없다. 그가 유세차에 오를수록 표는 더 도망간다. 그의 유세는 그대로 이적(利敵)이 된다'고 했다. 또 '이해찬의 (전당대회) 뒤 행보는 완전 꼰대. 이해찬은 더 이상 민주당에 기둥이나 바퀴 역할을 할 수 없다'고 했다. 손 의원은 이 글에 대해 ""총선 전망에 동의한다""는 의견을 덧붙였다.민주당 내에서도 우려가 확산하고 있다. 특히 PK 지역에선 ""지금 체제대로 가면 총선은 필패(必敗)""라는 말이 나왔다. 한 중진 의원은 ""높은 지지율을 믿고 안이하게 생각했던 게 아닌지 따져봐야 한다""고 했다. 또 다른 의원은 ""이 대표가 지금 방식대로 2020년 총선을 지휘하는 게 맞는지, 당·청 관계에 문제는 없는지 근본적으로 점검해야 한다""고 했다.",보궐선거 당선자 내지 민주당 이해찬 대표 향후 관계 정책 기조 변화 예고 경기 침체 민심 지적 청와대 겨냥 적극 역할 입장 안팎 지금 체제 내년 총선 이해찬 한계 제기 대표 최고 위원 회의 선거 현장 분위기 경제 상황 대한 불만 호소 상황 그대로 유지 경제 민생 문제 전력 문재인 정부 출범 라며 정부 운영 평가 기회 고도 청와대 독주 시피 소득 주도 성장 원전 경제 정책 대해 의미 해석 대표 정부 최저임금 인상 기조 변화 취지 의원 총회 그동안 주로 임금 인상 초점 임금 모든 해결 다른 도부 의원 자성 남인순 최고 위원 바짝 긴장 국민 경고 김해영 최고 위원 자세 국민 목소리 경청 반면 여권 대표 대한 비판 무소속 혜원 의원 대표 꼰대 지인 페이스북 공유 논란 이해찬 군중 효과 유세 그대로 이적 이해찬 전당대회 행보 완전 꼰대 이해찬 이상 민주당 기둥 바퀴 역할 의원 대해 총선 전망 동의 의견 민주당 우려 확산 지역 지금 체제 가면 총선 필패 중진 의원 지지율 생각 다른 의원 대표 지금 방식 총선 지휘 관계 문제 근본 점검
"[아무튼, 주말] 아프리카 외딴섬 청년은 어떻게 여행 스타트업 왕자가 됐나",2019-04-06,2019,"""너 혹시 아프리카 왕자 아냐?""홍콩 모건스탠리에 처음 입사했을 때 동료들이 그를 보고 놀렸다. 아프리카 남동부의 외딴 섬나라 모리셔스에서 태어났다. 미국 아이비리그 명문대 출신이 버글버글한 유명 투자은행인데 미국 시골의 작은 대학 출신이다. 특별한 이력도 없었다.""저를 키운 건 언더독(underdog·약자) 정신입니다. 인생 내내 소수자로 살았어요."" '클룩(Klook)'의 창업자 에릭 녹 파(32)씨가 웃으며 말했다.'Keep Looking(계속 찾는다)'이라는 의미를 담은 '클룩'은 최근 주목받는 글로벌 여행 예약 애플리케이션이다. 전 세계 250개 도시 8만여개 체험 여행 상품을 예약할 수 있는 플랫폼. 월 방문자는 2000여만명이다. 2014년 설립 이후 총 3억달러(약 3400억원) 투자를 유치했다. 관련 업계에서 최고 수준이다. 지난해 거래액은 1조원에 달했다. 에릭 녹 파는 2017년 포브스 선정 '30세 이하 유망 기업인'으로 선정됐다. 5월 14~15일 열리는 제10회 아시안리더십콘퍼런스의 연사이기도 하다.그를 지난 2일 서울 역삼동 한국지사에서 만났다. 얼마 전까지 공유 오피스에 있던 한국지사는 최근 역삼동의 한 고층빌딩 20층으로 옮겼다. 이날은 신사옥 오프닝 날이었다. 사무실 한쪽엔 돼지머리 케이크와 북어, 시루떡이 쌓여 있었다. ""한국식으로 고사를 지냈어요. 절도 하고요. 떡 드실래요?"" 그가 건네는 시루떡 한 조각을 받아들며 그의 짧지만 강렬한 인생 얘기를 들었다.'강한 약자'로 살다―투자 은행을 다니다가 어떻게 창업할 생각을 했나.""나고 자란 모리셔스는 '문화의 멜팅폿(용광로)'이었다. 서양식 교회, 이슬람 모스크, 동양의 정자가 공존한다. 여기서 착안했다. 여행을 통해 전 세계가 함께하게 되는 것. 여행의 불편함을 해소해서 좀 더 서로 문화를 잘 받아들이도록 기여하는 것. 그게 내가 하고 싶은 일이었다.""―특별한 계기가 있었나.""친구인 이썬 린(공동창업자)과 함께 네팔 여행을 간 적이 있다. 언어도 안 통하고, 여행자 가격과 현지 가격이 너무 달라 애먹었다. 이런 불편함을 당장 해결해야겠단 생각이 들었다. 창업 의지에 스파크가 일었다.""―유명 투자은행을 관두고 스타트업을 만들었다.""투자은행을 그만두면서 갖고 있던 홍콩의 작은 아파트를 팔았다. 그걸로 종잣돈을 마련해 창업 전선에 뛰어들었다. 전 재산을 걸고 도전하고 싶었다. 성공은 중요하지 않았다. 뭔가를 배울 수 있다는 것에 끌렸고, 돈으로 가치를 측정할 수 없는 큰 기회에 베팅했다. 직장이나 학교에선 알 수 없을 '큰 배움'이 있을 거라 생각했다.""",혹시 아프리카 왕자 홍콩 모건스탠리 처음 입사 동료 보고 아프리카 남동 부의 외딴 섬나라 모리셔스 미국 아이비리그 명문 출신 유명 투자 은행 미국 시골 대학 출신 이력 더독 약자 정신 인생 내내 소수자 클룩 창업 에릭 계속 의미 클룩 최근 주목 글로벌 여행 예약 애플리케이션 세계 도시 체험 여행 상품 예약 플랫폼 방문자 설립 이후 투자 관련 업계 최고 수준 지난해 거래 에릭 포브스 선정 이하 유망 기업인 선정 아시안 리더십 콘퍼런스 연사 지난 서울 역삼동 한국 지사 얼마 공유 오피스 한국 지사 최근 역삼동 고층 빌딩 사옥 오프닝 사무실 한쪽 돼지 머리 케이크 북어 시루떡 한국 고사 절도 시루떡 조각 인생 얘기 약자 투자 은행 창업 생각 모리셔스 문화 멜팅폿 용광로 양식 교회 이슬람 모스크 동양 정자 공존 여기 착안 여행 통해 세계 여행 해소 서로 문화 기여 그게 계기 친구 창업 네팔 여행 언어 여행자 가격 현지 가격 달라 당장 해결 생각 창업 의지 스파크 유명 투자 은행 스타트업 투자 은행 홍콩 아파트 종잣돈 마련 창업 전선 재산 도전 성공 뭔가 가치 측정 기회 베팅 직장 학교 배움 생각
"[아무튼, 주말] 아프리카 외딴섬 청년은 어떻게 여행 스타트업 왕자가 됐나",2019-04-05,2019,"""너 혹시 아프리카 왕자 아냐?""홍콩 모건스탠리에 처음 입사했을 때 동료들이 그를 보고 놀렸다. 아프리카 남동부의 외딴 섬나라 모리셔스에서 태어났다. 미국 아이비리그 명문대 출신이 버글버글한 유명 투자은행인데 미국 시골의 작은 대학 출신이다. 특별한 이력도 없었다.""저를 키운 건 언더독(underdog·약자) 정신입니다. 인생 내내 소수자로 살았어요."" '클룩(Klook)'의 창업자 에릭 녹 파(32)씨가 웃으며 말했다.'Keep Looking(계속 찾는다)'이라는 의미를 담은 '클룩'은 최근 주목받는 글로벌 여행 예약 애플리케이션이다. 전 세계 250개 도시 8만여개 체험 여행 상품을 예약할 수 있는 플랫폼. 월 방문자는 2000여만명이다. 2014년 설립 이후 총 3억달러(약 3400억원) 투자를 유치했다. 관련 업계에서 최고 수준이다. 지난해 거래액은 1조원에 달했다. 에릭 녹 파는 2017년 포브스 선정 '30세 이하 유망 기업인'으로 선정됐다. 5월 14~15일 열리는 제10회 아시안리더십콘퍼런스의 연사이기도 하다.그를 지난 2일 서울 역삼동 한국지사에서 만났다. 얼마 전까지 공유 오피스에 있던 한국지사는 최근 역삼동의 한 고층빌딩 20층으로 옮겼다. 이날은 신사옥 오프닝 날이었다. 사무실 한쪽엔 돼지머리 케이크와 북어, 시루떡이 쌓여 있었다. ""한국식으로 고사를 지냈어요. 절도 하고요. 떡 드실래요?"" 그가 건네는 시루떡 한 조각을 받아들며 그의 짧지만 강렬한 인생 얘기를 들었다.'강한 약자'로 살다―투자 은행을 다니다가 어떻게 창업할 생각을 했나.""나고 자란 모리셔스는 '문화의 멜팅폿(용광로)'이었다. 서양식 교회, 이슬람 모스크, 동양의 정자가 공존한다. 여기서 착안했다. 여행을 통해 전 세계가 함께하게 되는 것. 여행의 불편함을 해소해서 좀 더 서로 문화를 잘 받아들이도록 기여하는 것. 그게 내가 하고 싶은 일이었다.""―특별한 계기가 있었나.""친구인 이썬 린(공동창업자)과 함께 네팔 여행을 간 적이 있다. 언어도 안 통하고, 여행자 가격과 현지 가격이 너무 달라 애먹었다. 이런 불편함을 당장 해결해야겠단 생각이 들었다. 창업 의지에 스파크가 일었다.""―유명 투자은행을 관두고 스타트업을 만들었다.""투자은행을 그만두면서 갖고 있던 홍콩의 작은 아파트를 팔았다. 그걸로 종잣돈을 마련해 창업 전선에 뛰어들었다. 전 재산을 걸고 도전하고 싶었다. 성공은 중요하지 않았다. 뭔가를 배울 수 있다는 것에 끌렸고, 돈으로 가치를 측정할 수 없는 큰 기회에 베팅했다. 직장이나 학교에선 알 수 없을 '큰 배움'이 있을 거라 생각했다.""",혹시 아프리카 왕자 홍콩 모건스탠리 처음 입사 동료 보고 아프리카 남동 부의 외딴 섬나라 모리셔스 미국 아이비리그 명문 출신 유명 투자 은행 미국 시골 대학 출신 이력 더독 약자 정신 인생 내내 소수자 클룩 창업 에릭 계속 의미 클룩 최근 주목 글로벌 여행 예약 애플리케이션 세계 도시 체험 여행 상품 예약 플랫폼 방문자 설립 이후 투자 관련 업계 최고 수준 지난해 거래 에릭 포브스 선정 이하 유망 기업인 선정 아시안 리더십 콘퍼런스 연사 지난 서울 역삼동 한국 지사 얼마 공유 오피스 한국 지사 최근 역삼동 고층 빌딩 사옥 오프닝 사무실 한쪽 돼지 머리 케이크 북어 시루떡 한국 고사 절도 시루떡 조각 인생 얘기 약자 투자 은행 창업 생각 모리셔스 문화 멜팅폿 용광로 양식 교회 이슬람 모스크 동양 정자 공존 여기 착안 여행 통해 세계 여행 해소 서로 문화 기여 그게 계기 친구 창업 네팔 여행 언어 여행자 가격 현지 가격 달라 당장 해결 생각 창업 의지 스파크 유명 투자 은행 스타트업 투자 은행 홍콩 아파트 종잣돈 마련 창업 전선 재산 도전 성공 뭔가 가치 측정 기회 베팅 직장 학교 배움 생각
"[강인선의 워싱턴 Live] ""핵무기 미국에 넘겨라"" 공개된 빅딜 문서",2019-04-01,2019,"지난 2월 28일 도널드 트럼프 미국 대통령이 베트남 하노이에서 김정은에게 요구한 북한 비핵화의 구체적인 내용이 처음 공개됐다. 로이터통신이 30일 일부 내용을 공개한 이른바 '빅딜 문서'를 통해서다.트럼프 대통령은 하노이에서 김정은에게 건넨 문서를 통해 '북한의 핵무기와 핵물질 미국 반출 등 북한 핵 시설과 화학·생물전 프로그램, 탄도미사일 등과 관련 시설의 완전한 해체'를 요구했다고 로이터통신이 이날 전했다. 미국은 또 ""핵 프로그램에 대한 포괄적 신고, 미국과 국제 사찰단에 완전한 접근 허용, 관련 활동 및 새 시설물 건축 중지, 모든 핵 시설 제거, 모든 핵 프로그램 과학자 및 기술자들의 상업적 활동으로의 전환""도 요구했다.로이터는 북한에 ""핵무기를 미국으로 넘기라""고 요구한 이 문서가 존 볼턴 백악관 국가안보회의(NSC) 보좌관이 오래 견지해온 '리비아 모델'과 유사하며, 김정은에게는 굴욕적이고 자극적으로 보였을 것이라고 전했다. 미·북 모두 명확하게 밝히지 않은 하노이 회담 결렬의 이유를 설명하는 데 도움이 될 수도 있다고 했다.미·북 협상 과정을 잘 아는 워싱턴의 한 외교 소식통은 이날 ""이 '빅딜 문서'는 미국이 북한과의 실무협상 결과를 토대로 작성했던 '하노이 정상회담 공동선언의 초안'이었다""고 말했다. 미국은 싱가포르 1차 미·북 협상 때와 마찬가지로 한글과 영문으로 공동선언문 초안을 마련해 김정은에게 제시했다고 한다. 이 소식통은 그러나 ""회담 결렬 이후 미국이 이 초안을 한국 정부와 공유하지는 않은 것으로 안다""고 말했다.불발된 하노이 공동선언 초안은 이번에 로이터가 보도한 비핵화 조항을 비롯, 종전선언과 연락사무소 설치, 대북 경제 지원 방안, 미군 유해 발굴 작업 등 5개항으로 구성돼 있었다고 한다. '북한이 해야 하는 비핵화 조치'와 '미국이 제공할 상응 조치'가 담겨 있었다는 것이다. 볼턴 보좌관도 최근 한 인터뷰에서 트럼프 대통령이 김정은에게 '광범위하게 정의된 비핵화'를 요구하고 이에 상응하는 경제적 보상을 해주겠다는 내용을 남은 '빅딜 문서'를 건넸다고 밝힌 바 있다.이 공동선언문 초안 내용 중 상응 조치 부분은 스티븐 비건 미국 대북정책 특별대표와 김혁철 북한 대미 특별대표가 실무협상을 통해 대부분 합의한 내용이었다고 이 소식통은 전했다. 하지만 비핵화 부분은 미국 측이 꺼내기만 하면 북한이 '강도' 같다고 날뛰는 바람에 실무협상에서는 제대로 얘기를 못 하고 미국 측이 요구하는 바를 그대로 써서 김정은에게 제시했다고 한다. 비핵화 문제는 트럼프와 김정은의 담판으로 넘겼다는 것이다. 미국은 그러나 북한 측에 미국이 생각하는 비핵화 정의를 여러 차례 밝혔기 때문에 김정은에게 이 내용이 전달됐을 것으로 판단하고 있었다고 한다. 워싱턴 전문가들은 ""그런데도 김정은이 오로지 '영변 핵시설 해체'만으로 '대북 제재 해제'를 얻어낼 수 있을 것으로 기대하고 하노이에 왔다는 것은 미스터리""라고 보고 있다.워싱턴의 한 전문가는 ""미국은 이번에 구체적인 내용이 처음 공개된 '최종적이고 완전하게 검증된 비핵화(FFVD)' 원칙에서 한 발짝도 벗어난 적이 없다""고 했다. 그는 ""미국 협상팀이 이런 비핵화 개념을 북측에 설명하려고 할 때마다 북한이 '강도 같다'며 과격하게 대응하는 바람에 제대로 전달하지 못한 측면이 있는 것으로 안다""고 말했다. 그래서 트럼프 행정부는 이번 하노이 회담에선 아예 작심하고 비핵화에 대한 미국 입장을 문서로 제시했다는 것이다.",지난 도널드 트럼프 미국 대통령 베트남 하노이 김정은 요구 북한 비핵화 구체 내용 처음 공개 로이터 통신 일부 내용 공개 빅딜 문서 트럼프 대통령 하노이 김정은 문서 통해 북한 핵무기 핵물질 미국 반출 북한 시설 화학 생물전 프로그램 탄도미사일 관련 시설 해체 요구 로이터 통신 미국 프로그램 대한 포괄 신고 미국 국제 사찰 접근 허용 관련 활동 시설 건축 중지 모든 시설 제거 모든 프로그램 과학자 기술자 상업 활동 전환 요구 로이터 북한 핵무기 미국 요구 문서 볼턴 백악관 국가 안보 회의 보좌 리비아 모델 김정은 굴욕 자극 모두 하노이 회담 결렬 이유 설명 도움 수도 협상 과정 워싱턴 외교 소식통 빅딜 문서 미국 북한 실무 협상 결과 토대 작성 하노이 정상회담 선언 초안 미국 싱가포르 협상 마찬가지 한글 영문 공동 선언문 초안 마련 김정은 제시 소식통 회담 결렬 이후 미국 초안 한국 정부 공유 불발 하노이 공동 선언 초안 이번 로이터 보도 비핵화 조항 비롯 종전 선언 연락 사무소 설치 대북 경제 지원 방안 미군 유해 발굴 작업 개항 구성 북한 비핵화 조치 미국 제공 상응 조치 볼턴 보좌 관도 최근 인터뷰 트럼프 대통령 김정은 정의 비핵화 요구 상응 경제 보상 내용 빅딜 문서 공동 선언문 초안 내용 상응 조치 부분 스티븐 비건 미국 대북 정책 특별 대표 김혁 북한 대미 특별 대표 실무 협상 통해 대부분 합의 내용 소식통 비핵화 부분 미국 북한 강도 바람 실무 협상 제대로 얘기 미국 요구 그대로 김정은 제시 비핵화 문제 트럼프 김정은 담판 미국 북한 미국 생각 비핵화 정의 여러 차례 김정은 내용 전달 판단 워싱턴 전문가 김정은 영변 시설 해체 대북 제재 해제 하노이 미스터리 보고 워싱턴 전문가 미국 이번 구체 내용 처음 공개 최종 검증 비핵화 원칙 발짝 미국 협상 비핵화 개념 설명 북한 강도 대응 바람 제대로 전달 측면 트럼프 행정부 이번 하노이 회담 아예 작심 비핵화 대한 미국 입장 문서 제시
"[아무튼, 주말] 2030 性기능은 '아재'인가… 성생활 줄고 발기부전 늘어",2019-03-30,2019,"'침대 위의 비선 실세! 궁극의 강직도!'위트 있는 광고 문구가 붙은 이곳은 성인용품점. 서울 신사동 가로수길의 5층짜리 '섹스토이 전문 숍'이다. 지난 26일 오후 3시, 층마다 서너 커플이 제품을 구경하고 있었다. 초박형 콘돔, 젤(윤활유), 수갑과 목줄…. ""주말엔 평균 350명, 많으면 400명이 들르기도 합니다."" 매장 매니저는 ""포토존에서 기념사진을 찍고 소셜미디어에 공유하는 사람도 많다""고 설명했다.하지만 소셜미디어엔 말 못 할 사정이 많다. ""29세 남성입니다. 발기가 쉽게 풀립니다. 첫 관계 후 다시 할 때 강직도가 낮아 어려울 때가 있습니다. 발기력 유지에 L-아르기닌이 효과 있다고 들었는데, 정말인가요?"" 한 커뮤니티 게시판에서 20대 남성이 혈관 확장에 직효라는 보충제에 대해 문의한다. ""아직 20대라 비아그라를 쓰기엔 자존심이 상합니다. 겸사겸사 운동 보충제로 쓰이는 약품을 찾고 있어요.""밀레니얼 세대의 성(性)이 표류하고 있다. 이들은 성에 가장 개방적이었다. 하지만 동시에 가장 빠르게 '고개 숙인' 세대가 될지도 모른다. 미국 경제 매체 마켓워치에 따르면 2020년 세계 성인용품 시장 규모는 약 58조원. 한국 시장도 고속 성장하고 있다. 홍대 앞에는 부티크형 성인용품 매장이 2015년 처음 등장했지만, 지금 이 일대에는 열 곳이 넘는 '놀이터형' 성인용품 매장이 성업 중이다. '성인용품 24시간 무인 편의점'과 전국 체인점을 13곳 둔 '뷰티숍 콘셉트 성인용품점'도 생겨났다.하지만 동시에 인터넷 커뮤니티마다 2030의 '익명 성 상담'이 넘쳐난다. 조루, 발기부전, 사이즈 문제는 이들의 '고민 3대장'이라 한다. 2016년 국민건강보험공단 조사에 따르면 30대 남성의 11.8％가 발기부전으로 고통받고 있다. 이들은 병원이 아닌 비공식 루트로 치료를 시도한다. 2015년 한국의약품안전관리원 자료에선 인터넷·성인용품점에서 발기부전 치료제를 산다는 20대가 77.9％로, 30대(71.5％) 60대 이상(54.1％)보다 높았다. 직장인 강모(31)씨는 ""성 기능에서는 스스로 '아재'라고 느낀다""며 ""또래들이 몰래 치료제를 구입하고 쉬쉬하는 경우도 많다""고 했다.젊은 여성도 다르지 않다. 2017년 서울대보라매병원 연구에 따르면 우리나라 20~30대 여성의 한 달 평균 성관계 횟수가 10년 전보다 20대는 2.15회, 30대는 1.13회 줄었다. 외국 연구 결과도 비슷하다. 워싱턴포스트는 2016년 미국 학술지 '성적 행동 기록(Archives of Sexual Behavior)'의 연구를 인용하며 ""밀레니얼 세대가 베이비붐 세대와 X세대보다 성생활에 소극적""이라고 보도했다. 20~24세 중 이전 세대에 비해 6％ 증가한 15％가 '성관계를 가져본 적이 없다'고 답했다. 이 학술지에 따르면 베이비부머는 20대 때 섹스 파트너가 평균 11명, X세대는 10명인 데 비해 밀레니얼 세대는 8명에 그쳤다.성의학 전문가 강동우 박사는 ""20대 발기부전은 심리적인 요인이 크다""고 말한다. 중장년층 발기부전의 주범인 '혈관성 발기부전'이 젊은 층에게 나타나는 이유는 이 세대의 비만 증가 추세와도 얽혀 있다. 인터넷 커뮤니티에는 ""취직 후 잦은 음주와 회식으로 발기부전이 온 것 같다""는 고민 글이 상당수다.소셜미디어 탓에 성 기능 약화가 부풀려진 측면도 있다고 한다. 실제 정상 범주의 성행위 지속 시간은 5~7분. 하지만 포르노에서 본 20~30분을 정상으로 착각하고 열패감에 빠지는 남성도 적지 않다. 젊은 남성들은 성기 성형에 관심을 갖기도 한다. 강동우 박사는 ""소셜미디어가 만든 '비교 문화'가 심리적 위축을 부른다""며 ""실제 성 기능에 문제가 없다면 콤플렉스를 가질 필요는 없다""고 말했다.",침대 비선 실세 궁극 강직 위트 광고 문구 성인용품점 서울 신사동 가로수길 섹스 토이 전문 지난 오후 서너 커플 제품 구경 초박 콘돔 윤활유 수갑 목줄 주말 평균 기도 매장 매니저 포토 기념 사진 소셜미디어 공유 사람 설명 소셜미디어 사정 남성 발기 관계 다시 직도 발기 유지 아르기닌 효과 정말 커뮤니티 게시판 남성 혈관 확장 직효 보충 대해 문의 비아그라 쓰기 자존심 겸사겸사 운동 보충 제로 약품 밀레 세대 표류 개방 동시 고개 세대 미국 경제 매체 마켓 워치 세계 성인 용품 시장 규모 한국 시장 고속 홍대 부티크 성인 용품 매장 처음 등장 지금 일대 놀이터 성인 용품 매장 성업 중이 성인 용품 무인 편의점 전국 체인점 뷰티 콘셉트 성인용품점 동시 인터넷 커뮤니티 익명 상담 조루 발기부전 사이즈 문제 고민 대장 국민 건강 보험 공단 조사 남성 발기부전 고통 병원 비공식 루트 치료 시도 한국 의약품 안전 관리원 자료 인터넷 성인용품점 발기부전 치료 산다 대가 이상 직장인 강모 기능 스스로 또래 몰래 치료 구입 경우 여성 서울대 보라매병원 연구 우리나라 여성 평균 성관계 횟수 전보 외국 연구 결과 워싱턴포스트 미국 학술지 성적 행동 기록 연구 인용 밀레 세대 베이비붐 세대 세대 성생활 극적 보도 이전 세대 증가 성관계 학술지 베이비부머 섹스 파트너 평균 세대 명인 밀레 세대 의학 전문가 강동우 박사 발기부전 심리 요인 중장 년층 발기부전 범인 혈관 발기부전 이유 세대 비만 증가 추세 인터넷 커뮤니티 취직 음주 회식 발기부전 고민 상당수 소셜미디어 기능 약화 측면 실제 정상 범주 성행위 지속 시간 포르노 정상 착각 패감 남성 적지 남성 성기 성형 관심 강동우 박사 소셜미디어 비교 문화 심리 위축 실제 기능 문제 콤플렉스 필요
[윤평중 칼럼] '관제 민족주의'가 나라를 망친다,2019-03-29,2019,"민족주의적 역사 정치가 불을 뿜고 있다. 친일 적폐 청산을 바라는 대중의 감성적 요구와, 북한과 함께 한반도 평화를 이루자는 '우리 민족끼리'의 열정이 그것이다. 왜곡된 한반도 현대사를 바로잡는다는 '백년 전쟁'의 열망이 역사 전쟁을 부추긴다. 그리하여 친일 적폐 청산 운동이 대대적으로 펼쳐지고 있다. '우리 민족끼리'는 2차 미·북 정상회담의 결렬로 숨 고르기에 들어갔을 뿐 언제든 다시 불붙을 수 있다.지금의 반일 정서와 '우리 민족끼리'는 전형적 '관제 민족주의(official nationalism)'의 소산이다. '관 주도 민족주의'라고 해서 정부가 국민에게 일방적으로 민족 감정을 주입하는 건 아니다. 대중이 민족주의적 감성을 이미 깊숙이 내면화했기 때문이다. 일제 식민 통치와 분단에서 비롯한 뼈아픈 역사의 경험은 한국인의 민족주의적 감성을 극대화했다. 우리의 민족 감성이 평화 지향의 저항적 민족주의였다는 사실(史實)이 한국 민족주의의 정당성을 한층 강화했다. 이제 한국 민족주의는 신성불가침의 성소(聖所)가 되어 누구도 그 역린을 건드릴 엄두조차 못 낸다. 관제 민족주의가 번성할 수 있는 최적의 토양이다.하지만 민족 개념 자체가 서양 근대의 산물임을 주목해야 한다. 가톨릭 교회와 신성로마제국이 지탱한 중세 봉건 체제의 붕괴 이후 개별 민족의 국민국가가 그 빈자리에 들어섰다. 근세의 시작이었다. 언어·신화·문화·관습·혈통을 공유한 특정 종족 집단이 민족의 이름으로 '호명'되어 정치 주체로 등장했다. 근대 특유의 정치 기획이 '상상된 공동체(imagined community)'인 민족을 창출해낸 것이다. 국민국가의 탄생과 민족주의가 동행한 게 그 증거이다. '민족이 민족주의를 만든 게 아니라 민족주의가 민족을 만들었다.'민족과 민족주의가 역사적으로 만들어진 구성물이라는 사실은 우리 역사에서도 확인된다. 몽골 침략으로 바람 앞의 촛불이던 고려 말에 단군신화는 집중적으로 재조명되었다. 한민족의 영광을 외친 환단고기 같은 위서(僞書)가 일제 때 '발견'된 것도 우연이 아니다. 위기의 순간에 민족은 '발명'되고 민족주의는 '호출'된다. 근대국가에서 국사와 국어는 모두 의무교육 과목이며 학교는 대표적인 '이데올로기적 국가 기구'이다. 민족과 민족주의야말로 국민 만들기와 나라 세우기의 핵심이기 때문이다. 우리네 마음의 습관에 뿌리내린 민족주의는 민중의 자발적 선택이라는 모습으로 표출된다. 친일 적폐 청산이 대중의 공감 속에서 진행되고 있는 배경이다.그러나 관제 민족주의엔 치명적 독소가 있다. 권력은 실정(失政)을 숨기고 정권의 정통성을 높이기 위해 민족주의를 악용한다. 유신 체제는 정부 주도로 민족주의 사관을 극대화해 박정희 독재를 정당화했다. 북한은 김씨 세습 정권을 옹호하려고 우리 민족의 역사 전체를 '김일성 민족'의 주체사관으로 변질시켰다. 관제 민족주의의 최대 폐해는 현실의 불평등과 빈곤, 양극화와 정권의 무능 같은 진짜배기 문제를 은폐한다는 데 있다. 러시아·중국·터키·베네수엘라에서 보듯 수평적 형제애로 맺어진 허구의 민족 개념을 정권이 부추겨 심각한 체제 모순을 감추는 것이 관제 민족주의의 본질이다.나아가 문 정부는 우리의 생사가 걸린 남북문제까지 관제 민족주의로 분식(扮飾)하려 한다. '우리 민족끼리'의 민족적 감성에 호소해 북핵 위기를 풀고 한반도 평화 체제를 건설하자는 그림은 아름다워 보인다. 하지만 민족 감정으로 남북 관계를 해결하려는 문재인식 관제 민족주의는 제대로 된 출발조차 어렵다. '김일성 민족'임을 강조하는 북한 민족주의와, 한민족을 내세운 한국 민족주의의 동행은 원천적으로 불가능하기 때문이다. 삼일절과 상해 임시정부 수립 100주년을 함께 기리자는 우리의 제안을 북한이 받아들일 수 없었던 데는 사상적 이유가 있다.문재인 정부의 관제 민족주의는 민주주의를 위협한다. 친일 적폐 청산이 민중의 동의를 업은 한국판 문화 대혁명으로 비화할 때 삼권분립과 법치주의가 파괴된다. 정권이 폐쇄적 민족 감정을 부추기는 국가는 예외 없이 정치 후진국이다. 남북 국가 이성의 긴장을 무시한 관제 민족주의는 우리 안보를 총체적 위기로 몰고 간다. 경제 실패와 국정 난맥을 감추기 위한 문 정부의 관제 민족주의가 나라를 망친다. '우리 민족끼리'의 국수주의적 민족주의는 역사에 대한 반동이 아닐 수 없다. 지금이야말로 식민지 콤플렉스와 영원히 결별할 때다.",민족주의 역사 정치가 친일 적폐 청산 대중 감성 요구 북한 한반도 평화 민족 끼리 열정 왜곡 한반도 대사 백년 전쟁 열망 역사 전쟁 친일 적폐 청산 운동 대적 민족 끼리 정상회담 결렬 언제 다시 지금 반일 정서 민족 끼리 전형 관제 민족주의 소산 주도 민족주의 정부 국민 일방 민족 감정 주입 대중 민족주의 감성 내면 일제 식민 통치 분단 비롯 역사 경험 한국인 민족주의 감성 극대 민족 감성 평화 지향 항적 민족주의 사실 한국 민족주의 정당성 한층 이제 한국 민족주의 불가침 누구 역린 엄두 관제 민족주의 번성 최적 토양 민족 개념 자체 서양 근대 산물임 주목 가톨릭 교회 로마제국 지탱 중세 봉건 체제 붕괴 이후 개별 민족 국민국가 빈자리 근세 시작 언어 신화 문화 관습 혈통 공유 특정 종족 집단 민족 이름 호명 정치 주체 등장 근대 특유 정치 기획 상상 공동체 민족 국민국가 탄생 민족주의 동행 증거 민족 민족주의 민족주의 민족 민족 민족주의 역사 물이 사실 역사 확인 몽골 침략 바람 촛불 고려 단군신화 집중 조명 한민족 영광 환단고기 위서 일제 발견 우연이 위기 순간 민족 발명 민족주의 호출 국가 국사 국어 모두 의무교육 과목 학교 대표 이데올로기 국가 기구 민족 민족주의 국민 만들기 나라 핵심 이기 우리네 마음 습관 뿌리 민족주의 민중 자발 선택 모습 친일 적폐 청산 대중 공감 진행 배경 관제 민족주의 치명 독소 권력 실정 숨기 정권 정통 위해 민족주의 악용 유신 체제 정부 주도 민족주의 사관 화해 박정희 독재 정당 북한 김씨 세습 정권 옹호 민족 역사 전체 김일성 민족 주체 사관 변질 관제 민족주의 최대 폐해 현실 불평등 빈곤 양극화 정권 무능 진짜 배기 문제 은폐 러시아 중국 터키 베네수엘라 수평 형제 애로 허구 민족 개념 정권 체제 모순 관제 민족주의 본질 정부 생사 남북문제 관제 민족주의 분식 민족 끼리 민족 감성 호소 북핵 위기 한반도 평화 체제 건설 그림 민족 감정 남북 관계 해결 문재인 관제 민족주의 제대로 출발 김일성 민족 강조 북한 민족주의 한민족 세운 한국 민족주의 동행 천적 삼일절 상해 임시정부 수립 주년 리자 제안 북한 사상 이유 문재인 정부 관제 민족주의 민주주의 위협 친일 적폐 청산 민중 동의 한국판 문화 대혁명 비화 삼권분립 법치 주의 파괴 정권 폐쇄적 민족 감정 국가 예외 정치 후진국 남북 국가 이성 긴장 무시 관제 민족주의 안보 체적 위기 간다 경제 실패 국정 난맥 정부 관제 민족주의 나라 민족 끼리 국수 주의 민족주의 역사 대한 반동 지금 식민지 콤플렉스 결별
"年 1,700,000% 인플레, 잇단 大정전에도 마두로 왜 끄떡없나",2019-03-29,2019,"이달 초 6일간 대정전을 겪었던 베네수엘라에 지난 25일 또다시 대규모 정전이 발생해 사흘째 암흑에 빠졌다.AP·로이터통신은 ""26일 밤 잠시 전기가 공급됐지만, 27일 새벽 다시 전기가 끊어졌다""며 ""수백만 명이 식량과 식수를 찾아 사투를 벌이고 있다""고 전했다.물가상승률이 연 170만%에 이르는 사상 초유의 경제난에 연이어 대정전이 일어났는데도 마두로〈사진〉의 철권통치는 아직 위기 신호가 나타나지 않고 있다. 마두로는 군부의 지지 속에 여전히 권좌를 지키고 있다.마두로 실정(失政)의 최대 피해자는 베네수엘라 국민이다. 이 정도 상황이면 대규모 폭동이 일어날 법하지만, 임시 대통령을 자처한 후안 과이도 국회의장이 주도하는 반정부 시위의 참여율과 호응 수준은 생각보다 높지 않다. 베네수엘라 국민의 정치의식이 낮은 것일까, 아니면 실정에 길든 것일까.남미 전문 매체 팬앰(PANAM)포스트는 ""마두로가 식량난과 굶주림을 정권 유지에 효과적으로 악용하고 있기 때문""이라고 지적했다. 2015년부터 초인플레이션과 식량난이 이어지자 마두로 정권은 이듬해 '식량 공급·생산을 위한 지역사회위원회(CLAP)'라는 기관을 신설했다. 여기서 쌀과 우유, 통조림 등 기초 식량이 든 상자를 시민에게 무상에 가까운 가격으로 배급한다.다만 베네수엘라 국민이 이 상자를 받으려면 '조국 카드'라 불리는 정부 발행 주민증을 발급받아 정부의 일상적인 관리·감시를 받고, 친(親)정부 행사에 의무적으로 참석해야 한다. 생존을 위해 정부에 순응할 수밖에 없다는 것이다.워싱턴포스트는 마두로 정권의 친위 민병대 '콜렉티보(Colectivo)'를 또 다른 원인으로 꼽았다. 이들은 전임인 우고 차베스와 마두로를 극렬 지지하는 차비스모(Chavismo) 중에서 가장 과격한 이들로 조직됐다. 전국에 5000~7000명의 콜렉티보가 퍼져 있는 것으로 추산되는데, 반정부 시위가 벌어지면 이들은 어김없이 오토바이를 타고 시위대 주변을 질주하며 무차별 총격을 가한다. 반정부 시위에서 발생하는 사망자 상당수가 콜렉티보의 총격을 받은 것으로 알려졌다.마두로의 강력한 언론 탄압도 시위·봉기를 막는 장애물이다. 현재 베네수엘라는 마두로의 언론 탄압에 수입 종이까지 동이 나면서 발행되는 신문이 아예 없다. 주요 뉴스사이트도 대부분 접속이 차단됐다. 지난해 아르헨티나로 넘어온 베네수엘라인 호세 알레한드로(28)씨는 ""베네수엘라에선 아무도 TV를 틀지 않는다. 모든 채널을 정부가 장악해 세뇌 방송만 나온다""고 말했다. 전체 국민의 40%가량만 스마트폰을 갖고 있어 소셜미디어를 통한 정보 공유도 활발하지 않다.우방 중국과 러시아의 지지도 마두로의 버팀목이다. 두 나라 모두 마두로 정권에 수십억 달러의 차관을 제공하고 베네수엘라 원유와 지하자원을 들여온다. 지난 24일 카라카스의 시몬 볼리바르 국제공항에서는 러시아 군인 100여명과 35t의 지원 물자를 실은 군용기 2대가 도착한 모습이 언론에 포착되기도 했다.",정전 베네수엘라 지난 대규모 정전 발생 사흘 암흑 로이터 통신 잠시 전기 공급 새벽 다시 전기 수백만 식량 식수 사투 벌이 물가상승률 사상 초유 정전 사진 철권 통치 위기 신호 마두 군부 지지 권좌 실정 최대 피해자 베네수엘라 국민 정도 상황 이면 대규모 폭동 임시 대통령 자처 후안 국회의장 반정부 시위 참여 율과 호응 수준 생각 베네수엘라 국민 정치 의식 실정 남미 전문 매체 팬앰 포스트 식량난 굶주림 정권 유지 효과 악용 지적 초인플레이션 식량난 정권 이듬해 식량 공급 생산 지역 사회 위원회 기관 신설 여기 우유 통조림 기초 식량 상자 시민 무상 가격 배급 다만 베네수엘라 국민 상자 조국 카드 정부 발행 민증 발급 정부 일상 관리 감시 정부 행사 의무 참석 생존 위해 정부 순응 워싱턴포스트 정권 친위 민병대 콜렉 티보 다른 원인 꼽았다 전임 차베스 극렬 지지 차비 스모 조직 전국 명의 콜렉 티보 추산 반정부 시위 오토바이 타고 시위 주변 질주 무차별 총격 반정부 시위 발생 사망자 상당수 콜렉 티보 총격 언론 탄압 시위 봉기 장애물 현재 베네수엘라 언론 탄압 수입 종이 동이 발행 신문 아예 주요 뉴스 사이트 대부분 접속 차단 지난해 아르헨티나 베네수엘라 호세 알레한드로 베네수엘라 아무 모든 채널 정부 장악 세뇌 방송 전체 국민 가량 스마트폰 소셜미디어 통한 정보 공유 우방 중국 러시아 지지도 버팀목 나라 모두 정권 달러 차관 제공 베네수엘라 원유 지하자원 지난 카라카스 시몬 볼리바르 국제공항 러시아 군인 여명 지원 물자 군용기 대가 도착 모습 언론 포착 기도
"""한국, 이란 제재 예외국 연장 어렵다"" 태도 바꾼 美… 정부, 원유 수입 비상",2019-03-27,2019,"우리 정부가 미국의 대(對)이란 제재에 대한 예외국 지위를 연장하기 위해 28일 워싱턴에서 한·미 간 실무 협상을 할 예정이다. 하지만 미 정부는 최근 우리 측에 ""이번엔 제재 예외국으로 인정해주기 어렵다""는 입장을 전한 것으로 알려졌다.우리 정부가 작년 11월 인정받은 180일간의 제재 예외국 지위를 오는 5월 3일까지 연장하지 못할 경우, 우리나라 연간 콘덴세이트(초경질유) 수입량의 약 50%를 차지하는 이란산 수입에 큰 차질이 빚어질 것이란 우려가 나온다.우리 측 수석대표인 윤강현 외교부 경제외교조정관은 26일 출국해 28일 워싱턴에서 미측 수석대표인 프랜시스 패넌 미 국무부 에너지 차관보를 만나 이란 제재 예외국 연장을 놓고 협상한다고 외교부가 밝혔다. 정부 관계자는 ""미측이 작년만 해도 180일마다 제재 예외국으로 자동 연장해주겠다고 했는데 최근 태도를 바꿔 연장 못 해주겠다고 나와 우리 내부적으로 비상이 걸렸다""면서 ""아직 양측 입장을 조율할 시간이 한 달가량 남아 있는 만큼 최상의 결과를 얻을 수 있도록 노력하겠다""고 말했다. 미 국무부의 브라이언 훅 이란정책특별대표는 지난 2월 일본 NHK 인터뷰에서 ""가능한 한 빨리 (한국·일본 등)의 이란산 원유 수입을 '제로(0)'로 만드는 것이 미국의 정책""이라면서 ""제재 예외 조치를 연장할 계획이 지금은 없다""고 말했다.미국의 이 같은 방침은 '초강경 매파' 존 볼턴 백악관 국가안보보좌관의 입김이 작용한 것이란 관측이 나온다. 볼턴 보좌관은 이란·북한 같은 '불량 국가'를 협상장으로 나오게 하는 데는 '제재'만 한 것이 없다는 입장을 그간 수차례 강조해왔다. 외교 소식통은 ""미 정부는 이란과 북한을 핵·미사일 개발 기술을 공유한 '군사적 동지' 관계로 인식하고 있으며 이란의 원유가 중국을 거쳐 북한에 유입하는 것으로 파악하고 있다""면서 ""대이란 제재 강화는 대북 제재 압박의 의미도 담겨 있다""고 말했다.",정부 미국 이란 제재 대한 외국 지위 연장 위해 워싱턴 실무 협상 예정 정부 최근 이번 제재 외국 인정 입장 정부 작년 제재 외국 지위 연장 경우 우리나라 연간 콘덴세이트 경질 수입량 차지 이란 수입 차질 우려 대표 윤강 외교부 외교 정관 출국 워싱턴 미측 대표 프랜시스 패넌 국무부 에너지 차관 이란 제재 외국 연장 협상 외교부 정부 관계자 미측 작년 해도 제재 외국 자동 연장 최근 태도 연장 부적 비상 면서 입장 조율 시간 가량 남아 만큼 최상 결과 노력 국무부 브라이언 이란 정책 특별 대표 지난 일본 인터뷰 한국 일본 이란 원유 수입 제로 미국 정책 제재 예외 조치 연장 계획 지금 미국 방침 강경 매파 볼턴 백악관 국가 안보 보좌 입김 작용 관측 볼턴 보좌 이란 북한 불량 국가 협상 제재 입장 그간 차례 강조 외교 소식통 정부 이란 북한 미사일 개발 기술 공유 군사 동지 관계 인식 이란 원유 중국 북한 유입 파악 면서 이란 제재 강화 대북 제재 압박 의미
"퇴사 고민하는 2030세대 내 적성, 어디서 찾죠?",2019-03-25,2019,"# 지난달 28일 오후 9시. 박소민(가명·29)씨는 근로계약서에 적힌 퇴근시간(오후 6시)을 훌쩍 넘겨서야 유치원 문밖을 나섰다. 이날은 7년간 이어진 유치원 교사 생활의 마침표를 찍는 날이었다. 박씨는 “아이들을 좋아하는 마음이 커 유아교육을 전공하고 유치원 교사로 일했는데, 시간이 지날수록 적성과 맞지 않는다는 생각이 들었다”고 털어놨다. 매 순간 섬세하게 아이들을 보살피고, 인내력과 포용력을 갖춰야 하는 점이 특히 맞지 않았다. 그는 “손재주가 뛰어나지 않다 보니 유치원 행사에 필요한 교구를 만들 땐 며칠씩 밤을 새우곤 했다”며 “이 또한 점점 스트레스로 작용했다”고 했다. 고용노동부의 고용 행정 통계를 따르면 지난 1월 25세 이상 34세 이하 직장인 17만명이 입사 3년 내 직장을 등졌다. 이 가운데 약 절반(9만7976명)은 개인 사유로 인해 퇴사한다고 밝혔다. 이 중 많은 지분을 차지하는 것이 적성과 업무의 불일치다. 지난해 말 취업포털 사람인이 직장인 721명에게 '직무 탐색과 만족도'를 주제로 설문조사를 한 결과가 이를 잘 보여준다. 조사를 따르면 2030세대 젊은 직장인 가운데 절반(46.6%)이 ""원하지 않는 일을 하고 있다""고 답했다. 실제로 취업 뒤 직무에 불만족해 조기 퇴사한 경험이 있는 직장인도 51.9%에 달했다. 학창 시절 적성과 진로 고민을 제대로 하지 못했던 2030세대들이 취업 뒤에야 적성을 고민하고, 직장을 등지는 일까지 늘어난 것이다.",오후 박소 가명 근로계약서 퇴근 시간 오후 훌쩍 유치원 문밖 이어진 유치원 교사 생활 마침표 박씨 아이 마음 유아교육 전공 유치원 교사 시간 적성 생각 순간 아이 인내력 포용 손재주 유치원 행사 교구 며칠 점점 스트레스 작용 고용노동부 고용 행정 통계 지난 이상 이하 직장인 입사 직장 가운데 절반 개인 사유 퇴사 차지 적성 업무 일치 지난해 취업 포털 사람인 직장인 직무 탐색 만족도 주제 설문조사 결과 조사 세대 직장인 가운데 절반 실제 취업 직무 불만족 조기 퇴사 경험 직장인 학창 시절 적성 진로 고민 제대로 세대 취업 적성 고민 직장 등지
[터치! 코리아] 바보냐 악당이냐 그것이 문제로다,2019-03-23,2019,"웬만한 나라에선 이미 궤도에 오른 승차 공유 서비스('카풀') 도입 방식에 대한 대타협을 이뤘다고 여당은 자축한다. 께름칙하다. 카풀 영업시간을 법에다 박아버리겠다는 반(反)시장적 결론이 어이없고 불투명한 합의 과정은 수상쩍다. '카풀 대타협 기구'라고 할 요량이면 택시 업계와 관계가 긴밀한 카카오 외에 다른 승차 공유 회사를 한 군데라도 불렀어야 한다. 게다가 시민 목소리는 누가 대변했나.야근 후 안 잡히는 택시에 이력이 난 나는 며칠 전 국민으로서 행동에 나섰다. 대타협의 과정을 좀 더 파보기 위해 국토교통부와 국회에 정보 공개 청구를 했다. 요청 자료는 회의 일시, 참가자, 회의록이었다. 국회는 신청한 지 하루도 안 돼 '국토부 소관'이라고 통보했다. 국토부가 며칠 후 보내온 답은 '정보 부(不)존재'였다. 정보가 없단 뜻이다. 국토부는 이 사안의 주무 부처이자 합의안 서명자다. 회의 기초 정보도 없이 깜깜이로 사인했다? 사실이라면 큰일 날 나라다.정보공개법은 '국민의 알권리를 보장하고 국정 운영의 투명성을 확보'하기 위해 공공 기관의 정보를 적극적으로 공개한다고 명시하고 있다. 미 정보공개법의 아버지 랠프 네이더는 '정보는 민주주의의 통화(通貨)'라고 했다. 바꿔 말하면 정보가 막힌 민주주의는 파산한다. 이번 정부는 과거 정권의 음험함에 상처받은 국민에게 투명함만큼은 확실히 보장하겠다고 공언하며 출발했다. 4대 국정 전략에 '투명하고 유능한 정부'도 올렸다.하지만 출범 후 2년 동안 정부가 보여준 모습은 실망스럽다. 지난해 정보 공개 청구 공개율은 45%, 올해는 36%에 그친다. 정보를 안 알려주겠단 이유는 가지가지다. 국토부처럼 그냥 자료가 없다고 잡아떼는 게 흔한 변명이다. 경험을 좀 더 공유한다. 나는 최근 '문재인 케어'(국민건강보험 보장 확대) 이후 건강보험에서 병실료가 얼마나 지출됐는지 건강보험관리공단에 청구했다가 그런 자료는 없단 통보를 받았다. 또 관제(官製) 결제 서비스인 제로페이 가맹점이 몇 개인지를 중소벤처기업부에 물었을 때도 답은 '정보 부존재'였다. 국민 세금 갖다 쓰면서 나 몰라라 하기가 부끄럽지도 않은 모양이다.대외비라고 우기기도 한다. 공영방송 KBS의 편파적인 라디오 방송을 듣다못해 제출한 진행자 출연료 공개 청구에 대한 답변은 '공개 불가'였다. 법인의 이익을 해칠 수 있다는 이유다. 출연료 공개가 KBS 수익을 어떻게 갉아먹는다는지 모르겠다. 영국 BBC는 매년 고액 출연료 명단을 발표하지만 이 때문에 손해 봤다는 얘기는 못 들었다.올해 확 변한 공시지가는 어떻게 계산됐는지, 최저임금 산정 회의에선 누가 어떤 이야기를 하는지, 4대강 보(洑) 해체는 무슨 원칙에 따라 결정되는지…. 국민의 삶과 밀접한 굵직한 사안의 과정·원칙·기준에 대해 정부는 상습적으로 답을 피하고 있다. 대통령 가족의 취업 과정이 석연찮다는 의혹이 나온다면 당연히 국민 관심사인데도 청와대는 이 간단한 ○× 문제조차 답을 안 한다. 아니면 아니라 하지, 의혹 제기자에게 증거를 가져오란다. 이럴 거면 대통령 친·인척 문제는 빼고 투명한 정부가 되겠다고 약속했어야 한다.다양한 악질 사건에 연루된 가수 승리는 엊그제 억울함을 토로했다. ""우리는 바보일 뿐이다. 진실을 알아달라."" 바보인 걸 안 알아줘 슬프다니 어쩌면 좋은가. 바보인가 악당인가. 요즘 정부를 보면서도 드는 생각이다. 정보가 정말 없다면 바보, 정보를 꿍치고 국민에게 숨긴다면 민주공화국을 위협하는 악당이다. 무엇이 더 문제인가. 선택하기 괴롭다.",나라 궤도 오른 승차 공유 서비스 카풀 도입 방식 대한 대타협 여당 자축 께름칙하 카풀 영업 시간 박아 시장 결론 합의 과정 수상 카풀 대타협 기구 요량 택시 업계 관계 카카오 다른 승차 공유 회사 군데 게다가 시민 목소리 누가 대변 야근 택시 이력 며칠 국민 행동 대타협 과정 보기 위해 국토교통부 국회 정보 공개 청구 요청 자료 회의 일시 참가자 회의 국회 신청 하루 국토부 소관 통보 국토부 며칠 정보 존재 정보 국토부 사안 주무 부처 이자 합의 서명 회의 기초 정보 깜깜 사인 큰일 나라 정보공개 국민 알권리 보장 국정 운영 투명 확보 위해 공공 기관 정보 적극 공개 명시 정보공개 아버지 랠프 정보 민주주의 통화 정보 민주주의 이번 정부 과거 정권 음험 상처 국민 보장 공언 출발 국정 전략 정부 출범 동안 정부 모습 실망 지난해 정보 공개 청구 공개 올해 정보 이유 가지가지 국토부 자료 변명 경험 공유 최근 문재인 케어 국민 건강 보험 보장 확대 이후 건강 보험 병실 얼마나 지출 건강 보험 관리 공단 청구 자료 통보 관제 결제 서비스 제로 페이 가맹 중소 벤처기업 정보 부존재 국민 세금 모양 대외 우기 기도 공영 방송 편파 라디오 방송 제출 진행자 출연료 공개 청구 대한 답변 공개 불가 법인 이익 이유 출연료 공개 수익 영국 매년 고액 출연료 명단 발표 손해 얘기 올해 공시지가 계산 최저임금 산정 회의 누가 이야기 대강 해체 무슨 원칙 결정 국민 사안 과정 원칙 기준 대해 정부 상습 피하 대통령 가족 취업 과정 의혹 국민 관심사 청와대 문제 의혹 기자 증거 대통령 인척 문제 정부 약속 악질 사건 연루 가수 승리 엊그제 토로 바보 진실 달라 바보 어쩌면 바보 악당 정부 생각 정보 정말 바보 정보 국민 민주공화국 위협 악당 무엇 문제 선택
뉴질랜드 최악 테러 속 빛났다… 30代 여성 총리 '공감 리더십',2019-03-20,2019,"37세에 최연소 총리 취임과 재직 중 출산, 생후 3개월 된 딸과 작년 9월 뉴욕 유엔총회 동행(同行) 등 갖가지 화제를 뿌렸던 저신다 아던(38) 뉴질랜드 총리가 지난 15일 발생한 뉴질랜드 사상 최악의 테러에 신속하고 강력하게 대처하면서 새롭게 주목받고 있다.2017년 10월 총리가 된 이래 아던은 젊은 층과 여성, 진보 진영에서 '저신다마니아(Jucindamania)'를 불러일으킨 세계적인 '셀렙(celeb)'이었다. 작년 4월엔 시사 잡지 타임이 선정한 '전 세계에서 가장 영향력 있는 100인'에도 올랐다. 작년 2월 패션 잡지 보그(Vogue)는 화려한 특집으로 그를 다뤘고, 작년 유엔총회 기간 중엔 미국의 유명 심야 TV쇼에 나오기도 했다.동시에 국내에선 ""화려한 겉치장에 가려진 '본질'이 뭐냐""는 비난이 꼬리를 물었다. 작년 7월 뉴질랜드의 경제신뢰지수는 최근 10년간 최저치로 떨어졌다. 그의 노동당 정부가 2028년까지 10만채를 짓겠다는 야심 찬 저소득층 주택 사업은 부처 간 충돌로 인해 지지부진했다.하지만 아던은 50명 사망, 50명 부상이라는 테러가 발생하자 수시로 범행 전모를 국민에게 즉각 알리고, 추후 대책을 발표하고 무슬림 희생자 유족들과 진심이 담긴 슬픔을 공유하면서 강력한 리더십을 발휘한다는 평을 듣는다.호주 출신 범인의 테러가 발생한 시각은 15일 오후 1시 40분(현지 시각). 아던은 보고를 받자마자 곧 학교·관공서 등을 폐쇄했고, 테러 발생 지역 주민들에게 ""매우 위험한 상황이니 외출하지 말라""고 당부했다. 뉴질랜드 경찰은 유튜브와 협조해 범인이 게재하는 17분간의 테러 영상들을 계속 삭제했다.오후 7시 20분 아덴은 직접 기자회견을 열고 그때까지 파악된 상황을 그대로 알렸다. 당시로선 범인 외에 공범이 있을 가능성이 제기됐고, 피해 규모는 계속 변하고 있었다. 그는 또 이 사건을 '테러'로 규정해 무슬림 혐오와 반(反)이민 정서의 역풍(逆風)이 불 가능성을 미리 차단했다. 그는 ""희생된 무슬림 이민자들은 뉴질랜드를 집으로 선택했고, 이곳은 그들의 집""이라며 ""그들은 바로 우리""라고 선언했다.다음 날인 16일 오전 9시 아던은 다시 기자회견을 했다. 당시까지 파악된 피해 규모인 사망자 49명과 범인이 쓴 총기, 다른 2명의 용의자에 대한 수사 상황을 공개했다. 아던은 이후 모든 정당의 지도자들과 함께 테러가 발생한 크라이스트처치로 이동했다. 검은색 상복(喪服)에 무슬림 스카프인 검은 히잡을 쓴 아던 총리는 일일이 유족을 안으며 눈물을 감추지 못했다.'무슬림은 우리'라는 그의 말은 진심이었다. 그는 이날 도널드 트럼프 미국 대통령으로부터 ""미국이 어떻게 돕기를 원하느냐""는 질문을 받고 ""모든 무슬림 공동체에 공감과 사랑을 보여라""고 조언했다. 아던은 또 사건 발생 24시간이 안 돼 총기단속법을 강화하고 정부가 희생자들의 모든 장례 비용과 유가족에 대한 재정적 지원을 하겠다고 약속했다.아던이 슬픔을 공유하는 사진이 퍼지면서 소셜미디어에선 공감과 진실, 성실성에 기반한 그의 리더십이 화제가 되고 있다. 한 영국인은 ""한 나라의 지도자가 이렇게 공감할 수 있다는 걸 상상이나 했느냐""며 ""아던은 전 세계에 지도자란 어떠해야 하는지를 보여줬다""고 했다. 터키·두바이·이란 등 이슬람권의 소셜미디어 이용자들도 ""슬픔에 잠긴 무슬림에게 '맞아요, 당신은 우리'라고 분명히 말했다"" ""포용과 평등이 얼마나 중요한지 보여줬다""며 그를 칭송한다.아던 총리는 19일 다시 의회 연단에 섰다. 그는 ""나는 악명(惡名)이 널리 퍼지길 원하는 테러범의 이름을 결코 부르지 않겠다""며 ""범인이 아닌 희생자들의 이름을 부르며 기억하자""고 제안했다.",최연 총리 취임 재직 출산 생후 개월 작년 뉴욕 유엔 총회 동행 갖가지 화제 뉴질랜드 총리 지난 발생 뉴질랜드 사상 최악 테러 대처 주목 총리 여성 진보 진영 다마 니아 세계 셀렙 작년 시사 잡지 타임 선정 세계 영향력 작년 패션 잡지 보그 특집 작년 유엔 총회 기간 미국 유명 심야 동시 국내 치장 가려진 본질 비난 꼬리 작년 뉴질랜드 신뢰 지수 최근 최저 노동당 정부 야심 소득 주택 사업 부처 충돌 지지 사망 부상 테러 발생 범행 전모 국민 즉각 알리 추후 대책 발표 무슬림 희생 유족 진심 슬픔 공유 리더십 발휘 호주 출신 범인 테러 발생 시각 오후 현지 시각 보고 학교 관공서 폐쇄했 테러 발생 지역 주민 매우 상황 외출 당부 뉴질랜드 경찰 유튜브 협조 범인 게재 테러 영상 계속 삭제 오후 아덴 직접 기자회견 그때 파악 상황 그대로 당시 범인 공범 가능성 제기 피해 규모 계속 사건 테러 규정 무슬림 혐오 이민 정서 역풍 가능성 미리 차단 희생 무슬림 이민자 뉴질랜드 선택 라며 바로 선언 다음 날인 오전 다시 기자회견 당시 파악 피해 규모 사망자 명과 범인 총기 다른 명의 용의자 대한 수사 상황 공개 이후 모든 정당 지도자 테러 발생 크라이스트처치 이동 검은색 상복 무슬림 스카프 히잡 총리 일일이 유족 눈물 무슬림 진심 도널드 트럼프 미국 대통령 미국 돕기 질문 모든 무슬림 공동체 공감 사랑 조언 사건 발생 정부 희생 모든 장례 비용 유가족 대한 재정 지원 약속 슬픔 공유 사진 소셜미디어 공감 진실 성실 기반 리더십 화제 영국인 나라 지도자 공감 상상 세계 지도자 터키 두바이 이란 이슬람권 소셜미디어 이용자 슬픔 무슬림 당신 포용 평등 얼마나 칭송 총리 다시 의회 악명 널리 테러범 이름 결코 범인 희생 이름 기억 제안
[태평로] 北에 제재 뒷문 열어주는 '외눈박이 외교',2019-03-18,2019,"최근 사석에서 만난 안보 부처 관계자는 ""지금 정부의 시선은 온통 북한에 쏠려 있다""고 했다. 비핵화(非核化) 문제뿐 아니라 외교 안보의 축이 북한을 중심으로 돌아가고 있다는 것이다. 다른 정부 관계자도 ""북한을 달래기 위한 지원책을 마련하느라 애쓰고 있다""고 했다. 하노이 정상회담 결렬 이후 금강산 관광과 개성공단을 재개하기 위해 모든 수단과 방법을 찾고 있다는 것이다. 다른 목소리는 아예 내기 힘든 분위기다.올해 초 ""북한의 조선반도 비핵화는 우리 목표인 북 비핵화와 다르다""고 했던 조명균 통일부 장관은 이번에 '골수 햇볕론자'인 김연철 후보자로 교체됐다. 외교부 고위 당국자도 대북 800만달러 인도적 지원 방안에 이의를 제기했다가 호된 내부 비판을 받은 것으로 알려졌다.문정인 안보특보는 ""김 후보자 발탁은 미국과 관계없이 한반도 정세를 밀고 나가려는 뜻""이라고 했다. 경제가 어렵자 문 대통령이 평화 이니셔티브에 베팅했다는 얘기까지 나왔다. 여권 관계자는 ""누구보다 문 대통령의 소신이 확고하다""고 했다. 북 비핵화 유도를 위한 수단이었던 남북 관계가 오히려 지상 목표가 돼 버린 것이다.하지만 북한과 가까워진다고 북이 핵 포기에 나설 거라는 건 정부의 일방적 기대일 뿐이다. 더구나 경제 위기를 대북 관계로 돌파하려는 건 안보 위기를 부를 정략적 발상이다. 미국의 제재 강화 방침과도 어긋난다. 외교가에선 ""문 정부에 대한 트럼프 행정부의 불만이 커지고 있다""는 얘기가 심심찮게 들린다. 워싱턴포스트는 ""문 대통령의 신뢰성이 위태롭다""고 했다. 최근 한·미 당국 간 협의도 제대로 된 정보 공유 없이 겉돌았다고 한다. 유엔도 정부가 개성 남북연락사무소에 공급한 유류를 문제 삼았다. 일본·중국과의 비핵화 외교는 사실상 실종돼 있다. 정부 내에선 ""대북 지원 문제로 언제 사고가 터질지 몰라 조마조마하다""는 걱정이 적잖다. ""그동안 남북 협력 기금으로 집행된 '깜깜이 대북 지원 사업'이 상당한데, 한·미 워킹그룹 운영 이후 제동이 걸리고 있다""는 얘기도 나온다.정부의 '중재자론(論)'에 대한 미국의 불신도 크다. 북한을 협상 테이블로 끌어낸 건 좋지만 북한을 편드는 듯한 중재역은 필요 없다는 것이다. 비핵화 문제에서 미국과 한국은 '원 팀(one team)'인데 자꾸 남의 나라 일처럼 심판으로 나서려 하느냐는 불만도 담겨 있다. 북핵이 한·미를 겨누고 있는데 정부가 담판의 당사자임을 잊어버린 것 같다는 인상을 준다. 북이 협상에 나온 건 국제 제재로 인한 심각한 경제난 때문이다. 우리가 대북 제재의 '뒷문'을 열어줘선 안 될 일이다.북한은 최근 ""미국과 동맹인 남조선은 플레이어(선수)이지 중재자가 아니다""고 했다. 아무리 북을 지원해도 김정은에게 우리는 우군(友軍)도 심판도 아니다. 남(南)을 이용할 뿐 우리가 바라는 대로 움직이지 않을 것이란 얘기다. 핵(核)은 '전부(全部) 아니면 전무(全無)'의 싸움이다. 북이 핵을 포기할 거라는 안이한 기대나 '민족·자주'라는 감상론으로 대북 정책을 추진해선 안 된다. 북한만 바라보는 '외눈박이 외교'로는 비핵화 협상을 결코 성공시킬 수 없다. 동맹을 흔들고 국제적 불신만 자초할 뿐이다.",최근 사석 만난 안보 부처 관계자 지금 정부 시선 온통 북한 비핵화 문제 외교 안보 북한 중심 다른 정부 관계자 북한 마련 하노이 정상회담 결렬 이후 금강산 관광 개성 공단 재개 위해 모든 수단 방법 다른 목소리 아예 내기 분위기 올해 북한 조선반도 비핵화 목표 비핵화 조명 통일부 장관 이번 골수 햇볕 김연 후보자 교체 외교부 고위 당국자 대북 인도 지원 방안 이의 제기 내부 비판 문정인 안보 특보 후보자 발탁 미국 한반도 정세 밀고 경제 대통령 평화 이니셔티브 베팅 얘기 여권 관계자 누구 대통령 소신 비핵화 유도 수단 남북 관계 오히려 지상 목표 북한 포기 정부 일방 대일 더구나 경제 위기 대북 관계 돌파 안보 위기 정략적 발상 미국 제재 강화 방침 외교 정부 대한 트럼프 행정부 불만 얘기 심심찮 워싱턴포스트 대통령 신뢰 위태롭다 최근 당국 협의 제대로 정보 공유 유엔 정부 개성 남북 연락 사무소 공급 유류 문제 일본 중국 비핵화 외교 사실 실종 정부 대북 지원 문제 언제 사고 걱정 그동안 남북 협력 기금 집행 깜깜 대북 지원 사업 워킹 그룹 운영 이후 제동 얘기 정부 중재 대한 미국 불신 북한 협상 테이블 북한 중재 필요 비핵화 문제 미국 한국 자꾸 나라 심판 불만 북핵 겨누 정부 담판 자임 인상 협상 국제 제재 경제 대북 제재 뒷문 일이 북한 최근 미국 동맹 남조선 플레이어 선수 이지 중재 지원 김정은 우군 심판 이용 움직 얘기 전부 전무 싸움 포기 기대 민족 자주 감상 대북 정책 진해선 북한 외눈박이 외교 비핵화 협상 결코 성공 동맹 국제 불신 자초
"[아무튼, 주말] 베이비 붐 세대와의 화해… 그들은 꽃을 피웠을까?",2019-03-16,2019,"어린 시절, 대구 큰이모댁에 가서 읽을거리를 찾으면 이모부는 베란다 문을 열고 먼지 쌓인 책더미를 가리키시곤 했다. 짧으면 10년, 길면 20~30년 된 '월간 새벗'으로, 한국전쟁이 한창이던 1952년 창간된 어린이 잡지다. 연배가 좀 있으신 분들이라면 다소 촌스러운 폰트로 찍혀 있는 '월간 새벗' 표제 아래 어린이들이 활짝 웃고 있는 표지를 기억하실지도 모르겠다. 품위 있는 어린이 교양지로 인정받아 1980년에 색동회상을 받았고, 같은 해 문공부장관상을 받기도 했다. 하지만 착하기만 했던 탓인지 경쟁력이 떨어져 적자 누적으로 1981년 폐간될 신세에 처하고, 타사가 인수해 계속 간행하였으나 적자로 2002년 발행이 중단되는 등 우여곡절을 겪었다.2004년부터 다시 어린이들과 만나고 있는 '월간 새벗'은 꽤 많은 양의 어린이용 소설 단행본 '새벗 문고'를 함께 내놓았는데, 원로 아동문학가들이 잡지의 색에 딱 어울리는 건전한 동화를 다양하게 써냈다. 가끔은 너무 건전해서 읽다가 짜증이 치밀어 오르기도 했지만, 발행 주체가 기독교 단체였던 데다 아이부터 노인까지 새마을 정신을 명심하고 살아야 했던 시대였음을 기억한다. 밝고 꿋꿋하고 근면한 어린이상을 보여 주어야 한다는 신념을 모든 작가가 공유하고 있었던 것 아닐까.나는 워낙 어릴 때부터 이렇게 착하고 밝게 살라는 어린이 소설들이 질색이었기 때문에 인상에 크게 남는 작품이 없지만, 황영애 작가의 1960년대 작품 '꽃나라에서 온 소녀'는 아직 기억하고 있다.제목처럼 너무 티 없이 맑은 열두어 살 난 씩씩한 고아 소녀 봉실이가 주인공이다. 사람들이 성이 무엇이냐 물으면 자신의 이름은 '꽃봉실'이라며 꽃 나라의 임금님이 자신의 아버지고 여왕님이 자신의 어머니라고 대답한다. 꽃 나라로 돌아가야 하는 길을 잠시 잃었다고 생글생글 대답하는 봉실이를 알게 되는 사람들은 아리송해진다. 하지만 밝고 상냥한 봉실을 한번 알게 된 사람들은 애고 어른이고 할 것 없이 봉실을 어여삐 여기게 된다. 간혹 '꽃씨'가 어디 있느냐고들 묻지만, 봉실은 어차피 부모가 없어 성을 모른다면 자신이 가장 어울리는 성을 고르면 되는 거 아니겠느냐고 당차게 반문한다. 착하고 싹싹한 봉실을 애틋하게 여겨 수양딸로 삼으려는 가족도 있지만, 봉실은 자존심 높은 한 마리 들고양이처럼 혼자 힘으로 언젠가 꽃 나라에 돌아가고자 한다.봉실에게는 거리에서 알게 된 친구 소년 A가 있는데(너무 오래되어 죄송하게도 그만 잊어버리고 말았다), 시골에서 살다가 돈을 벌기 위해 서울로 올라온 이 소년도 봉실과 막상막하로 꿋꿋하다. 공부를 잘하는 형을 뒷바라지하기 위해 거리에서 노점상을 하는 이 소년은 형을 실컷 공부시키고 또 집안을 일으키고야 말겠다는 굳은 결심으로 신선한 사업 아이디어를 계속 연구한다. 그러다 어린이들에게 책을 얼마씩 받고 빌려주는 '도서 대여 구루마'로 쏠쏠하게 재미를 보는가 했더니, 지역에서 텃세를 부리는 깡패들이 책과 돈을 빼앗고 수레를 몽땅 부수어 못 쓰게 만들어 버린다. 코피를 줄줄 흘리면서도 피를 닦아 주려는 봉실의 손길을 거절하는 소년 A는 요즘 말로 하면 '상남자'다.봉실의 기개가 소년 A와 잘 맞아떨어져 둘은 단짝이자 사업 파트너가 된다. 어떤 사업을 둘이 꾸렸는가 하면, 일제 강점기에 일제가 창경궁을 훼손하여 유원지로 만든 '창경원'(1983년 폐쇄 후 지금의 창경궁으로 복구되었다)을 구경하다가 떠올리게 된 아이디어였다. 당시 창경원 하면 코끼리, 코끼리 하면 창경원이라 할 만큼 창경원 동물원의 명물 노릇을 한 것이 코끼리였다. 손님들은 저마다 맛나는 과자를 사서 먹으며 코끼리 구경을 하건만 코끼리는 마른 풀더미를 맛없다는 듯이 씹는 것을 보고 봉실이가 ""코끼리는 참 불쌍해. 까까도 먹을 수 없고 말이야""라고 말하자 소년 A는 사람을 위한 까까는 얼마든지 있지만, 코끼리를 위한 까까는 없다는 것에 착상해 바로 아이디어를 낸다.그래서 두 사람은 '코끼리 까까'를 만들어 팔기 시작한다. 코끼리에게 먹이를 준다는 신선함에다 어린 두 아이가 열심히 일하는 것도 대견하다 여겨지면서, 코끼리 까까 장사는 선풍적인 인기를 얻는다. 요즘 같으면 동물원 당국에서 엄격히 규제할 일이지만, 1970년대에 취객이 호방하게 우리에 팔을 넣었다가 호랑이에게 물려 팔이 절단되는 사고가 일어날 정도였으니 아이들의 이런 자그마한 소매업 정도는 봐 주는 분위기였을지도 모른다.",시절 대구 이모 거리 이모 베란다 먼지 더미 월간 새벗 국전 한창 창간 어린이 잡지 연배 다소 폰트 월간 새벗 표제 아래 어린이 활짝 표지 기억 품위 어린이 교양 지로 색동회 문공부 장관 경쟁력 적자 누적 폐간 신세 사가 인수 계속 간행 적자 발행 중단 우여곡절 다시 어린이 월간 새벗 어린이 소설 단행본 새벗 문고 원로 아동문학 잡지 동화 가끔 짜증 기도 발행 주체 기독교 단체 아이 노인 새마을 정신 시대 기억 어린이 주어 신념 모든 작가 공유 워낙 살라 어린이 소설 질색 인상 크게 작품 영애 작가 작품 소녀 기억 제목 맑은 고아 소녀 봉실 주인공 사람 무엇 자신 이름 꽃봉실 라며 나라 임금님 자신 아버지 여왕님 자신 어머니 대답 나라 잠시 생글생글 대답 봉실 사람 봉실 한번 사람 어른 봉실 여기 간혹 꽃씨 어디 봉실 어차피 부모 자신 반문 봉실 수양딸 가족 봉실 자존심 마리 들고양이 혼자 나라 봉실 거리 친구 소년 시골 위해 서울 소년 실과 막상막하 공부 뒷바라지 위해 거리 노점상 소년 실컷 공부 집안 결심 사업 아이디어 계속 연구 어린이 얼마 도서 대여 루마 재미 지역 텃세 깡패 수레 몽땅 부수 코피 줄줄 실의 손길 거절 소년 말로 상남자 실의 기개 소년 단짝 이자 사업 파트너 사업 일제 강점 일제 창경궁 훼손 유원지 창경원 폐쇄 지금 창경궁 복구 구경 아이디어 당시 창경원 코끼리 코끼리 창경원 만큼 창경원 동물원 명물 노릇 코끼리 손님 맛나 과자 사서 코끼리 구경 건만 코끼리 더미 듯이 보고 봉실 코끼리 소년 사람 얼마 코끼리 착상 바로 아이디어 사람 코끼리 시작 코끼리 먹이 아이 코끼리 장사 선풍 인기 동물원 당국 규제 일이 취객 호방 호랑이 팔이 절단 사고 정도 아이 소매업 정도 분위기
"[아무튼, 주말] 베이비 붐 세대와의 화해… 그들은 꽃을 피웠을까?",2019-03-15,2019,"어린 시절, 대구 큰이모댁에 가서 읽을거리를 찾으면 이모부는 베란다 문을 열고 먼지 쌓인 책더미를 가리키시곤 했다. 짧으면 10년, 길면 20~30년 된 '월간 새벗'으로, 한국전쟁이 한창이던 1952년 창간된 어린이 잡지다. 연배가 좀 있으신 분들이라면 다소 촌스러운 폰트로 찍혀 있는 '월간 새벗' 표제 아래 어린이들이 활짝 웃고 있는 표지를 기억하실지도 모르겠다. 품위 있는 어린이 교양지로 인정받아 1980년에 색동회상을 받았고, 같은 해 문공부장관상을 받기도 했다. 하지만 착하기만 했던 탓인지 경쟁력이 떨어져 적자 누적으로 1981년 폐간될 신세에 처하고, 타사가 인수해 계속 간행하였으나 적자로 2002년 발행이 중단되는 등 우여곡절을 겪었다.2004년부터 다시 어린이들과 만나고 있는 '월간 새벗'은 꽤 많은 양의 어린이용 소설 단행본 '새벗 문고'를 함께 내놓았는데, 원로 아동문학가들이 잡지의 색에 딱 어울리는 건전한 동화를 다양하게 써냈다. 가끔은 너무 건전해서 읽다가 짜증이 치밀어 오르기도 했지만, 발행 주체가 기독교 단체였던 데다 아이부터 노인까지 새마을 정신을 명심하고 살아야 했던 시대였음을 기억한다. 밝고 꿋꿋하고 근면한 어린이상을 보여 주어야 한다는 신념을 모든 작가가 공유하고 있었던 것 아닐까.나는 워낙 어릴 때부터 이렇게 착하고 밝게 살라는 어린이 소설들이 질색이었기 때문에 인상에 크게 남는 작품이 없지만, 황영애 작가의 1960년대 작품 '꽃나라에서 온 소녀'는 아직 기억하고 있다.제목처럼 너무 티 없이 맑은 열두어 살 난 씩씩한 고아 소녀 봉실이가 주인공이다. 사람들이 성이 무엇이냐 물으면 자신의 이름은 '꽃봉실'이라며 꽃 나라의 임금님이 자신의 아버지고 여왕님이 자신의 어머니라고 대답한다. 꽃 나라로 돌아가야 하는 길을 잠시 잃었다고 생글생글 대답하는 봉실이를 알게 되는 사람들은 아리송해진다. 하지만 밝고 상냥한 봉실을 한번 알게 된 사람들은 애고 어른이고 할 것 없이 봉실을 어여삐 여기게 된다. 간혹 '꽃씨'가 어디 있느냐고들 묻지만, 봉실은 어차피 부모가 없어 성을 모른다면 자신이 가장 어울리는 성을 고르면 되는 거 아니겠느냐고 당차게 반문한다. 착하고 싹싹한 봉실을 애틋하게 여겨 수양딸로 삼으려는 가족도 있지만, 봉실은 자존심 높은 한 마리 들고양이처럼 혼자 힘으로 언젠가 꽃 나라에 돌아가고자 한다.봉실에게는 거리에서 알게 된 친구 소년 A가 있는데(너무 오래되어 죄송하게도 그만 잊어버리고 말았다), 시골에서 살다가 돈을 벌기 위해 서울로 올라온 이 소년도 봉실과 막상막하로 꿋꿋하다. 공부를 잘하는 형을 뒷바라지하기 위해 거리에서 노점상을 하는 이 소년은 형을 실컷 공부시키고 또 집안을 일으키고야 말겠다는 굳은 결심으로 신선한 사업 아이디어를 계속 연구한다. 그러다 어린이들에게 책을 얼마씩 받고 빌려주는 '도서 대여 구루마'로 쏠쏠하게 재미를 보는가 했더니, 지역에서 텃세를 부리는 깡패들이 책과 돈을 빼앗고 수레를 몽땅 부수어 못 쓰게 만들어 버린다. 코피를 줄줄 흘리면서도 피를 닦아 주려는 봉실의 손길을 거절하는 소년 A는 요즘 말로 하면 '상남자'다.봉실의 기개가 소년 A와 잘 맞아떨어져 둘은 단짝이자 사업 파트너가 된다. 어떤 사업을 둘이 꾸렸는가 하면, 일제 강점기에 일제가 창경궁을 훼손하여 유원지로 만든 '창경원'(1983년 폐쇄 후 지금의 창경궁으로 복구되었다)을 구경하다가 떠올리게 된 아이디어였다. 당시 창경원 하면 코끼리, 코끼리 하면 창경원이라 할 만큼 창경원 동물원의 명물 노릇을 한 것이 코끼리였다. 손님들은 저마다 맛나는 과자를 사서 먹으며 코끼리 구경을 하건만 코끼리는 마른 풀더미를 맛없다는 듯이 씹는 것을 보고 봉실이가 ""코끼리는 참 불쌍해. 까까도 먹을 수 없고 말이야""라고 말하자 소년 A는 사람을 위한 까까는 얼마든지 있지만, 코끼리를 위한 까까는 없다는 것에 착상해 바로 아이디어를 낸다.그래서 두 사람은 '코끼리 까까'를 만들어 팔기 시작한다. 코끼리에게 먹이를 준다는 신선함에다 어린 두 아이가 열심히 일하는 것도 대견하다 여겨지면서, 코끼리 까까 장사는 선풍적인 인기를 얻는다. 요즘 같으면 동물원 당국에서 엄격히 규제할 일이지만, 1970년대에 취객이 호방하게 우리에 팔을 넣었다가 호랑이에게 물려 팔이 절단되는 사고가 일어날 정도였으니 아이들의 이런 자그마한 소매업 정도는 봐 주는 분위기였을지도 모른다.",시절 대구 이모 거리 이모 베란다 먼지 더미 월간 새벗 국전 한창 창간 어린이 잡지 연배 다소 폰트 월간 새벗 표제 아래 어린이 활짝 표지 기억 품위 어린이 교양 지로 색동회 문공부 장관 경쟁력 적자 누적 폐간 신세 사가 인수 계속 간행 적자 발행 중단 우여곡절 다시 어린이 월간 새벗 어린이 소설 단행본 새벗 문고 원로 아동문학 잡지 동화 가끔 짜증 기도 발행 주체 기독교 단체 아이 노인 새마을 정신 시대 기억 어린이 주어 신념 모든 작가 공유 워낙 살라 어린이 소설 질색 인상 크게 작품 영애 작가 작품 소녀 기억 제목 맑은 고아 소녀 봉실 주인공 사람 무엇 자신 이름 꽃봉실 라며 나라 임금님 자신 아버지 여왕님 자신 어머니 대답 나라 잠시 생글생글 대답 봉실 사람 봉실 한번 사람 어른 봉실 여기 간혹 꽃씨 어디 봉실 어차피 부모 자신 반문 봉실 수양딸 가족 봉실 자존심 마리 들고양이 혼자 나라 봉실 거리 친구 소년 시골 위해 서울 소년 실과 막상막하 공부 뒷바라지 위해 거리 노점상 소년 실컷 공부 집안 결심 사업 아이디어 계속 연구 어린이 얼마 도서 대여 루마 재미 지역 텃세 깡패 수레 몽땅 부수 코피 줄줄 실의 손길 거절 소년 말로 상남자 실의 기개 소년 단짝 이자 사업 파트너 사업 일제 강점 일제 창경궁 훼손 유원지 창경원 폐쇄 지금 창경궁 복구 구경 아이디어 당시 창경원 코끼리 코끼리 창경원 만큼 창경원 동물원 명물 노릇 코끼리 손님 맛나 과자 사서 코끼리 구경 건만 코끼리 더미 듯이 보고 봉실 코끼리 소년 사람 얼마 코끼리 착상 바로 아이디어 사람 코끼리 시작 코끼리 먹이 아이 코끼리 장사 선풍 인기 동물원 당국 규제 일이 취객 호방 호랑이 팔이 절단 사고 정도 아이 소매업 정도 분위기
"안보리, '개성연락사무소에 석유 반입'도 문제 삼았다",2019-03-15,2019,"유엔 안전보장이사회(안보리)가 지난 12일 공개한 '대북제재위 전문가 패널 보고서'에 지난해 우리 정부의 대북 석유 제품 반출과 관련, 제재 위반 소지가 있다는 취지의 내용을 담은 것으로 14일 확인됐다. 안보리가 우리 정부의 제재 위반 가능성을 시사하며 사실상 '경고'에 나선 것이다.앞서 우리 정부는 개성 남북공동연락사무소 개소를 위해 지난해 약 340t의 석유 제품을 북한으로 반출했다. 석유는 안보리 결의에 따른 제재 품목인데도 안보리에 신고하지 않았다. 언론과 야당이 이를 수차례 지적했지만 정부는 ""연락사무소 관련 석유 반출은 제재 위반 여부를 따질 사안이 아니다""는 입장을 되풀이했다. 작년 8월 조명균 통일부 장관과 강경화 외교부 장관, 서훈 국정원장도 국회에서 ""(연락사무소 관련 사항은) 대북 제재 사안에 해당하지 않는다""고 했다. 김의겸 청와대 대변인은 ""제재 대상이 아니며, 미국도 이해를 표명한 것으로 안다""고 했다.",유엔 안전보장 이사회 안보리 지난 공개 대북 재위 전문가 패널 보고서 지난해 정부 대북 석유 제품 반출 관련 제재 위반 소지 취지 내용 확인 안보리 정부 제재 위반 가능성 시사 사실 경고 나선 앞서 정부 개성 남북 공동 연락 사무소 개소 위해 지난해 석유 제품 북한 반출 석유 안보리 결의 제재 품목 안보리 신고 언론 야당 차례 지적 정부 연락 사무소 관련 석유 반출 제재 위반 여부 사안 입장 되풀이 작년 조명 통일부 장관 강경화 외교부 장관 서훈 국정원장 국회 연락 사무소 관련 사항 대북 제재 사안 해당 의겸 청와대 대변인 제재 대상 미국 이해 표명
"공유경제, 거래량으로 차등규제 적용해야",2019-03-13,2019,(동영상 주소: https://www.youtube.com/watch?v=_G6xpTWX1cE)[앵커]최근 공유경제에 대한 규제개혁이 필요하다는 목소리가 높아지고 있는 가운데 중소벤처기업부가 스타트업과의 대화에 나섰습니다. 특히 국내에서는 카풀 서비스 허용을 두고 택시업계와 큰 마찰을 빚었던 만큼 공유경제를 우리사회에 어떻게 적용할 것인가는 중요한 화두로 떠올랐습니다. 임상재기자의 보도입니다.[기자]최근 스타트업을 중심으로 공유경제 규제개선이 시급하다는 지적이 나오고 있는 가운데 공유거래 공급물량에 따라 단계적으로 규제를 적용해야 한다는 주장이 나왔습니다.한국개발연구원 황순주 연구원은 지난 7일 중소벤처기업부와 스타트업의 대화 자리에서 공유경제는 자원분배의 효율성을 높이고 일자리와 지역경제에도 도움을 줄 수 있다는 측면에서 활성화할 필요가 있다고 평가했습니다. 다만 공유경제가 기존 사업자와 마찰이 발생할 수 있는 만큼 거래량에 따라 규제강도를 다르게 적용하고 공유플랫폼이 공급자들을 대신해 관할당국에 신고하도록 의무를 부과해야 한다고 밝혔습니다.SYNC- 황순주 박사/한국개발연구원 (공유거래량을 스스로 선택하고 그것이 기준량 보다 많으면 전문적이고 상시적인 공급자로 간주해서 규제와 과세를 온전하게 하고 공급량이 한도보다 낮으면 비전문적이고 일시적인 공급자로 인정해서 경감된 규제와 과세를 하는 방식입니다.)앞서 중소벤처기업부는 스타트업과의 대화를 통해 e-모빌리티와 의료기기 분야 규제개선을 추진해 왔습니다.특히 최근에는 새로운 서비스로 부상하고 있는 '공유주방'과 관련해 1개의 주방을 다수의 영업자가 활용할 수 있도록 식약처와 관련법 개정에 나서기로 했습니다.SYNC- 홍종학 장관/중소벤처기업부(그동안 굉장히 어렵게 규제했기 때문에 쉽지는 않겠지만 규제샌드박스법이 통과됐기 때문에 그것을 적극적으로 활용해서 어려움을 겪었던 스타트업을 적극적으로 지원하겠습니다.)'빌려 쓰고 나눠 쓰는' 공유경제에 대한 공감대가 아직 우리사회에 형성되지 못한 만큼 앞으로 공유경제를 어떻게 적용할 것인가에 대한 정책적 고민이 시급하다는 지적입니다.디지틀조선TV 임상재입니다.,동영상 주소 앵커 최근 공유경제 대한 규제 개혁 목소리 가운데 중소 벤처기업 부가 스타트업 대화 국내 카풀 서비스 허용 택시 업계 마찰 빚었던 만큼 공유경제 사회 적용 화두 재기 보도 기자 최근 스타트업 중심 공유경제 규제 개선 지적 가운데 공유 거래 공급물량 단계 규제 적용 주장 한국 개발 연구원 연구원 지난 중소 벤처기업 부와 스타트업 대화 자리 공유경제 자원 분배 효율 높이 일자리 지역 경제 도움 측면 활성화 필요 평가 다만 공유경제 기존 사업자 마찰 발생 만큼 거래량 규제 강도 적용 공유 플랫폼 공급 대신 관할 당국 신고 의무 부과 박사 한국 개발 연구원 유거 스스로 선택 기준 전문 시적 공급 간주 규제 과세 온전 급량 한도 전문 일시 공급 인정 경감 규제 과세 방식 앞서 중소 벤처기업 스타트업 대화 통해 모빌리티 의료기기 분야 규제 개선 추진 최근 서비스 부상 공유 주방 관련 주방 다수 영업 활용 식약처 관련 개정 홍종학 장관 중소 벤처기업 그동안 규제 규제 샌드박스 통과 적극 활용 어려움 스타트업 적극 지원 공유경제 대한 공감 대가 사회 형성 만큼 공유경제 적용 대한 정책 고민 지적 조선
[인사] 기획재정부 외,2019-03-13,2019,▲기획재정부◇국장급 인사▷복권위원회 사무처장 안병주▲교육부▷사회정책협력관 구연희▷국립국제교육원 기획조정부장 김우정▲외교부◇국장급▷조정기획관 김영완▷해외안전관리기획관 강형식▷국제법률국장 유기준▷국제경제국장 김영재◇심의관급▷국제법률국심의관 황준식▷양자경제국심의관 최진원▷기획재정담당관 이호식▲국토교통부◇국장급 전보▷건축정책관 김상문▷원주지방국토관리청장 박승기◇과장급 전보▷미래전략일자리담당관 김태형▷정보보호담당관 유신근▷주택정책과장 이명섭▷국토정보정책과장 한동민▷건설산업과장 박정수▷해외건설지원과장 이상헌▷교통안전복지과장 윤영중▷간선도로과장 이정기▷도로투자지원과장 박병석▷도로운영과장 오수영▷민자철도팀장 나진항▷대전지방국토관리청 하천국장 손경복▷국토지리정보원 운영지원과장 조세기▷건설정책과장 주종완▷신공항기획과장 정용식▷원주지방국토관리청 홍천국토관리사무소장 전상억▲관세청◇고위공무원 가급 전보▷인천세관장 이찬기◇고위공무원 나급 전보▷기획조정관 이종우▷심사정책국장 주시경▷조사감시국장 김용식▷서울세관장 이명구▷대구세관장 김재일▷광주세관장 김광호◇고위공무원 승진·전보▷통관지원국장 이석문▷인천세관 수출입통관국장 정승환◇과장급 전보▷관세평가분류원장 신현은▷인천세관 수출입통관총괄과장 오현진▷인천세관 휴대품통관1국장 김재호▷부산세관 통관국장 서재용▷북부산세관장 오상훈▷속초세관장 남성훈▷군산세관장 윤인채▷국제협력팀장 임주연▷연수원 인재개발과장 전민식▷부산세관 심사국장 윤선덕▲산림청◇서기관 승진▷법무감사담당관실 김원중▷운영지원과 주요원▷산림교육치유과 최규로▷산지정책과 윤평화◇기술서기관 승진▷기획재정담당관실 김관호▷법무감사담당관실 김명종▷법무감사담당관실 김대훈▷운영지원과 김인천▷도시숲경관과 김진아▷산지정책과 황성태▷산사태방지과 이영선▷산림병해충방제과 박동신▷목재산업과 김용진▲국토연구원▷국·공유지연구센터장 조판기▷국가방재연구센터장 한우석▷수자원·하천연구센터장 이상은▷스마트인프라연구센터장 김종학▷스마트공간연구센터장 이재용▷국토시뮬레이션센터장 이영주▷홍보출판팀장 이강식▷지식관리팀장 김상규▷연구기획·평가팀장 박경현▷예산경영팀장 전준호▷인재개발팀장 박동신▷어린이집건립추진단장 김경동▷총무관리팀장 김형표▷재무회계팀장 김성태▷청사관리팀장 이판식▲한국원자력의학원▷원자력병원 교육수련부장 김병일▲조선비즈▷부국장 겸 산업부장 김종호,기획재정부 국장 인사 복권 위원회 사무 안병주 교육부 사회 정책 협력 연희 국립 국제 교육 기획 조정 부장 김우정 외교부 국장 조정 기획 김영완 해외 안전 관리 기획 형식 국제 법률 국장 유기준 국제경제 국장 김영재 심의 국제 법률 심의 황준 양자경 제국 심의 최진 기획 재정 담당 이호 국토교통부 국장 전보 건축 정책 김상 지방 국토관리청 승기 과장 전보 미래 전략 일자리 담당 김태형 정보보호 담당 신근 주택 정책 과장 이명섭 국토 정보 정책 과장 한동민 건설 산업 과장 박정수 해외 건설 지원 과장 이상헌 교통 안전 복지 과장 윤영 간선 도로 과장 이정기 도로 투자 지원 과장 박병석 도로 운영 과장 오수영 철도 나진항 대전 지방 국토관리청 하천 국장 손경 국토 지리 정보원 운영 지원 과장 세기 건설 정책 과장 주종 공항 기획 과장 정용 원주지방국토관리청 홍천 국토 관리 사무소 전상 관세청 고위 공무원 가급 전보 인천 관장 이찬 고위 공무원 전보 기획 정관 이종우 심사 정책 국장 주시경 조사 감시 국장 김용식 관장 이명구 세관 김재일 광주 관장 김광호 고위 공무원 승진 전보 통관 지원 국장 인천 세관 수출입 통관 국장 정승환 과장 전보 관세평가분류원 인천 세관 수출입 통관 총괄 과장 인천 세관 휴대 통관 국장 김재호 부산 세관 통관 국장 북부 산세 관장 오상훈 속초세관 남성훈 군산세관 윤인채 국제 협력 임주연 수원 인재 개발 과장 부산 세관 심사 국장 윤선 산림청 기관 승진 법무 감사 담당 관실 김원중 운영 지원 요원 산림 교육 치유 최규 산지 정책 평화 기술 기관 승진 기획 재정 담당 관실 김관호 법무 감사 담당 관실 명종 법무 감사 담당 관실 김대훈 운영 지원 김인 도시숲 경관 김진아 산지 정책 성태 산사태 방지 이영선 산림 해충 방제 박동신 목재 산업 김용진 국토 연구원 유지연 센터 조판 국가 방재 센터 한우석 수자원 하천 센터 이상은 스마트 인프라 센터 김종학 스마트 공간 센터 이재용 국토 시뮬레이션 센터 이영주 홍보 출판 이강식 지식 관리 김상 연구 기획 평가 박경 예산 전준호 인재 개발 박동신 어린이집 건립 추진단 김경동 총무 관리 김형표 재무회계 김성태 청사 관리 한국 원자력 학원 원자력병원 교육 수련 부장 김병일 조선 비즈 부국 산업부 김종호
"美 ""화웨이 쓰면 정보공유 없다"" 독일에 경고",2019-03-13,2019,"미국이 동맹국에 화웨이 등 중국 통신업체의 5G(세대) 통신망이 깔리는 걸 억제하기 위해 정보기관 간 정보 교류 제한이라는 무기를 꺼내 들었다.리처드 그리넬 독일 주재 미국 대사가 지난 8일 페터 알트마이어 독일 경제장관에게 ""5G망 구축에 화웨이나 다른 중국 통신 장비 업체를 참여시킨다면 이는 미국이 더 이상 독일 정보기관들과 현 수준의 협력을 유지할 수 없음을 의미한다""는 내용의 편지를 보냈다고 월스트리트저널(WSJ)이 11일(현지 시각) 보도했다.미국이 동맹국에 화웨이 통신망 구축과 관련해 정보 교류 제한과 같은 구체적 제재 조치를 거론한 것은 처음이다. 독일을 비롯한 유럽 각국은 안보 관련 정보, 특히 테러를 상대로 한 전쟁 분야에서 미국 정보에 크게 의존하고 있다.그리넬 대사는 서한에서 ""중국의 법률은 기업들에 정보기관을 지원하도록 강요할 수 있게 돼 있다""며 ""화웨이 장비를 정기적으로 검사한다고 해도 '백도어(backdoors)'와 같은 보안 취약성을 해결할 수는 없다""고 말했다.",미국 동맹국 화웨이 중국 통신 업체 세대 통신망 억제 위해 정보기관 정보 교류 제한 무기 리처드 독일 주재 미국 대사 지난 페터 알트 마이어 독일 장관 구축 화웨이 다른 중국 통신 장비 업체 참여 미국 이상 독일 정보기관 수준 협력 유지 의미 내용 편지 월스트리트저널 현지 시각 보도 미국 동맹국 화웨이 통신망 구축 관련 정보 교류 제한 구체 제재 조치 거론 처음 독일 비롯 유럽 각국 안보 관련 정보 테러 상대로 전쟁 분야 미국 정보 크게 의존 대사 서한 중국 법률 기업 정보기관 지원 강요 화웨이 장비 정기 검사 해도 백도어 보안 취약성 해결
"[최보식이 만난 사람] ""文 대통령, 국내 정치 위해 일본 관계 이용… '反日감정' 부추겨 국민 분열""",2019-03-11,2019,"""문재인 대통령과 문희상 국회의장이 '칼 찬 순사'니 '도둑이 제 발 저린 소리' 같은 자극적 발언을 대놓고 한다. 책임 있는 자리에 있는 인사들도 '입이 있는데 말도 못하냐'는 식으로 반일(反日) 감정을 부추긴다. 결국 돌아오는 피해는 국가와 국민의 몫이 되는 것이다. 부부간 싸울 때도 문 하나 열어놓고 싸우라고 했는데….""권철현(72) 전 주일대사는 말문을 열었지만, 이내 ""현 정권은 어떤 의도를 갖고 저러는데 내가 말해봐야 무슨 소용 있을까"" 울적한 기분을 드러냈다. 하지만 지금 최악(最惡)의 한·일 관계에 대해 그보다 더 말할 자격이 주어진 인물은 없을 것이다.올해는 '3·1절 100년'이지만, 3선(選) 의원 출신의 그가 주일대사로 재직하던 기간(2008년 4월~2011년 11월)에는 훨씬 더 예민한 '한·일 강제병합 100년'이 있었다.",문재인 대통령 문희상 국회의장 순사 도둑 소리 자극 발언 책임 자리 인사 반일 감정 피해 국가 국민 부부 하나 권철현 대사 말문 이내 정권 의도 무슨 소용 기분 지금 최악 관계 대해 자격 인물 올해 의원 출신 대사 재직 기간 강제 병합
"[사설] 최저임금 땜질 대책, 돌고 돌아 결국 소비자 부담으로",2019-03-11,2019,"신한·국민·롯데카드 회원들은 오늘부터 현대·기아차를 구입할 때 신용카드로 결제할 수 없게 될 전망이다. 이 카드사들과 현대·기아차 간 가맹점 계약 협상이 시한 내에 타결되지 않았기 때문이다. 카드사들이 정부 지침에 따라 수수료율을 인상하려 하자 현대차가 3개사의 요구안 수용을 거부했다. 아직 타결 가능성은 남아있지만 그때까지 3개 카드사의 3000여만 명 회원이 현대·기아차를 사려면 현금 결제하거나 다른 카드를 발급받아야 한다. 최저임금 인상의 보완책으로 정부가 밀어붙인 소상공인 카드 수수료 인하가 돌고 돌아 결국 소비자 부담으로 돌아왔다.카드 수수료 인하는 작년 말 문재인 대통령 지시로 시작됐다. 2년간 33% 오른 최저임금 때문에 자영업자·소상공인들이 아우성치자 문 대통령이 카드 수수료 인하 방안을 지시했다. 금융 당국은 카드사 사장들을 긴급 소집해 나흘 만에 소규모 가맹점 수수료를 연간 1조4000억원 깎아주는 정책을 급조해 내놨다. 대신 대기업 가맹점 수수료를 올리라고 했다. '가진 자'에게 더 받으라는 것이다. 하지만 대기업이라고 다 여유가 있는 건 아니다. 판매 부진으로 지난해 영업 이익률이 한계 기업 수준까지 추락한 현대차가 3개 카드사의 수수료율 인상 요구를 거부하면서 결제 중단 사태가 벌어졌다. 카드사들은 이미 포인트 적립, 무이자 할부 같은 각종 카드 혜택을 줄이고 있다. 무리한 정책의 부작용이 알게 모르게 다 일반 소비자 손실로 귀결되고 있는 것이다.정부는 카드 수수료를 깎는 대책도 부족해 수수료가 제로(0)인 관제(官製) 카드까지 내놨다. 서울시가 '제로페이'를 만들자 중소벤처부는 홍보 예산을 60억원이나 배정하며 보급을 도왔다. 하지만 정작 소비자 호응이 '제로'다. 지난 1월 제로페이 결제액은 2억원에 그쳤다. 그런데도 정부는 지원 사격을 더 강화하고 있다. 경제부총리는 월급쟁이들의 최고 절세 수단인 신용카드 소득공제 혜택을 줄이겠다고 했다. 신용카드 혜택을 줄여 관제 카드 사용으로 유도하겠다는 것이다. 소비자들은 사실상 증세(增稅)라며 반발하고 있다. 납세자 단체가 진행 중인 소득공제 축소 반대 운동에 사흘 만에 7000명이 서명했다.전체주의 독재국가에서나 있을 법한 인위적 가격 통제 정책이 이 정부 들어 잇따르고 있다. 서민층을 돕겠다며 통신료와 보험료에 손대고 대출 금리 상한선을 강제로 낮췄다. 심지어 치킨 값까지 개입해 인하시켰다. 정부가 시장 질서를 비틀면 반작용이 촉발돼 연쇄적인 부작용이 일어난다. 저소득층 소득을 끌어올린다면서 최저임금을 대폭 올리자 고용 참사가 발생하고 소득 분배는 더 악화됐다. 카풀(차량공유) 허용 시간을 출퇴근 4시간으로 제한해놓고 사회적 대타협을 자랑했지만, 선진국처럼 24시간 카풀을 이용할 수 없게 된 소비자가 최대 피해를 입게 됐다. 문제의 본질은 '정책 실패'인데 정부가 부작용을 감추려 시장 개입 강도를 더 높이는 바람에 악순환이 계속되고 있다.",신한 국민 롯데 카드 회원 오늘 현대 기아차 구입 신용카드 결제 전망 카드 현대 기아차 가맹 계약 협상 시한 타결 카드 정부 지침 수수료 인상 하자 현대차 개사 구안 수용 거부 타결 가능성 그때 카드 사의 회원 현대 기아차 사려 현금 결제 거나 다른 카드 발급 최저임금 인상 보완 정부 소상 공인 카드 수수료 인하 소비자 부담 카드 수수료 작년 문재인 대통령 지시 시작 오른 최저임금 자영 업자 상공 대통령 카드 수수료 인하 방안 지시 금융 당국 카드 사장 긴급 소집 나흘 소규모 가맹 수수료 연간 정책 조해 대신 대기업 가맹 수수료 대기업 여유 판매 부진 지난해 영업 이익 한계 기업 수준 추락 현대차 카드 사의 수수료 인상 요구 거부 결제 중단 사태 카드 포인트 적립 이자 할부 각종 카드 혜택 정책 부작용 일반 소비자 손실 귀결 정부 카드 수수료 대책 수수료 제로 관제 카드 서울시 제로 페이 중소 홍보 예산 배정 보급 정작 소비자 호응 제로 지난 제로 페이 결제 정부 지원 사격 경제부총리 월급쟁이 최고 절세 수단 신용카드 소득공제 혜택 신용카드 혜택 관제 카드 사용 유도 소비자 사실 증세 라며 반발 납세 단체 진행 중인 소득공제 축소 반대 운동 사흘 서명 전체주의 독재 국가 인위 가격 통제 정책 정부 서민 통신 보험료 대출 금리 상한선 강제 심지어 치킨 개입 인하 정부 시장 질서 비틀 반작용 촉발 연쇄 부작용 일어난다 소득 소득 최저임금 대폭 고용 참사 발생 소득 분배 악화 카풀 차량 공유 허용 시간 출퇴근 제한 사회 대타협 자랑 선진국 카풀 이용 소비자 최대 피해 문제 본질 정책 실패 정부 부작용 시장 개입 강도 바람 악순환 계속
"""학령인구 감소·재정 위기에 빠진 전문대 '평생직업교육대학'으로 변화 꾀해야""",2019-03-11,2019,"""'시대의 변화와 요구'를 제대로 담아내기 위해 전문대학은 '평생직업교육대학'으로 변화해야 합니다.""이기우(71) 인천재능대학교 총장은 전문대학이 평생직업교육대학이라는 새로운 프레임으로 평생교육과 직업교육을 같이 수용해 일반대와 다른 교육영역을 확보해야 한다고 강조했다. 학령인구가 지속적으로 감소하고 대학 재정이 악화하면서 맞이한 위기를 타파할 돌파구를 묻는 질문에 내놓은 대답이다. 인천재능대 총장을 4번째 연임하고, 한국전문대학교육협의회(전문대교협) 회장도 4차례 수행하는 이 총장은 본지와의 인터뷰에서 대학의 구조와 교육부의 정책에 대한 지적을 마다하지 않았다.",시대 변화 요구 제대로 위해 대학 평생 직업 교육대학 변화 이기우 인천 재능 대학교 총장 대학 평생 직업 교육대학 프레임 평생교육 직업 교육 수용 반대 다른 교육 영역 확보 강조 학령 구가 지속 감소 대학 재정 악화 맞이 위기 타파 돌파구 질문 대답 인천 재능 총장 한국 전문 대학교육 협의 전문 대교협 회장 차례 수행 총장 인터뷰 대학 구조 교육부 정책 대한 지적 마다
"[아무튼, 주말] 자율주행차 代父는 자가용이 없다",2019-03-09,2019,"우리나라에서 자율주행차를 가장 오래 연구해온 공학자에게는 자가용이 없다. '공대생들의 멘토'라는 서승우(55) 서울대 전기정보공학부 교수는 지하철 낙성대역에서 내려 연구실까지 40분쯤 걸어서 출근한다. 차가 없는 이유를 묻자 ""자율주행 기술을 완성할 때까지 운전대를 놓기로 했다""며 ""덕분에 운동도 된다""고 답했다. 그렇게 생활한 지 5년째다.지난해 국내에서는 교통사고 21만7148건이 발생해 3781명이 사망하고 32만3036명이 다쳤다. 보행 중 사망자 비율(39.3%)은 OECD국가 평균(19.7%)의 2배나 된다. 서 교수는 ""교통사고 원인을 분석하면 95%가 인간의 실수""라며 ""사고 직전 3초를 '결정적 시간'이라 하는데, 자율주행차는 돌발 상황에서 사람과 달리 위험을 빨리 인지하고 대처해 사고를 막거나 줄여준다""고 말했다.그는 2015년에 제자들과 '토르드라이브(ThorDrive)'를 창업했다. 자율주행차 스타트업으로 지난해 말 미국 실리콘밸리에서 자율주행 택배 서비스를 시작해 주목받았다. 올가을이면 무인(無人) 자동차가 고객 집까지 물건을 배달하는 풍경을 한국에서도 볼 수 있다. 이마트는 토르드라이브와 함께 자율주행 배송 서비스를 시범 운영한다고 최근 발표했다.지난 5일 서울 상암동. '임3720' 임시 번호판을 붙인 자율주행차에는 '당신의 인공지능(AI) 운전기사'라고 적혀 있었다. 물체를 탐지하고 위치를 인식해 상황을 판단하는 센서(레이저 스캐너)와 위성 항법 장치(GPS) 안테나, 레이더와 카메라 6대를 장착했다. 2009년부터 서울대 지능형 자동차IT연구센터장을 맡아 자율주행차 '스누버'를 개발하고 운용하며 기술과 경험을 쌓은 서 교수는 ""자율주행을 응용할 분야를 찾다가 3~4년 전부터 '배달'로 방향을 잡았다""고 했다.""목표의 70%까지 올라왔다""자율주행 기술은 인간이 차량을 모두 제어하는 '레벨0'부터 인간의 개입 없이 AI가 100% 운전하는 '레벨5'까지 모두 6단계다. 서 교수는 ""토르드라이브는 여의도를 비롯해 혼잡한 서울 도심을 3년간 6만㎞ 무사고로 주행했다""며 ""레벨4(특정 지역이나 상황에서 운전자가 개입하지 않는 것)가 목표인데 현재 이 단계의 70%쯤 올라온 것 같다""고 했다.-왜 하필 배달인가요.""당시 다른 업체들은 승객 운송용 자율주행차를 개발하고 있었어요. 그 시장에 뒤늦게 뛰어드느니 물건 배송으로 진로를 정했습니다. 복잡한 도시에선 사람보다 물건을 실어 나르는 시장이 더 빨리 열릴 거라고 예측했지요. 더 안전하고 효율성도 높기 때문입니다.""-스타트업 이름에 천둥의 신 '토르'를 붙였는데.""마블 캐릭터 토르를 제가 좋아해요. 일단 전기와 관련이 있고(웃음), 하늘을 날아다니며 힘도 세잖아요.""-듣고 보니 토르의 망치도 자율주행(?)이군요.""하하하. 그런 거죠. 주인 의지에 따라 망치가 우주를 돌아다니며 일을 해주니까요.""-자율주행차는 대중이 AI를 가장 먼저 체험할 수 있는 기계입니다. 고령 사회가 되면서 교통사고는 더 늘어날 테고요.""고령 운전자는 인지 기능과 운동 기능이 떨어지니까요. 반응할 시간을 벌어주고 생명을 구해주는 게 자율주행 기술입니다.""-지난 1월 미국 라스베이거스에서 열린 세계 최대 IT·가전 전시회(CES)에 다녀오셨습니다.""자율주행차는 더 이상 기술 문제가 아닌 것으로 이해하는 분위기였습니다. 자동차 전시관에선 응용과 서비스 관점에서 가장 뜨거운 주제였어요. 몇몇 업체는 시내에서 자율주행 택시 서비스를 운영했고요.""-단도직입으로 묻겠습니다. 토르드라이브는 세계적으로 어떤 수준인가요?""레벨5에 진입한 자율주행차는 아직 없습니다. 레벨4 구간에서는 구글이 가장 앞서가고 저희는 열심히 따라가는 중이에요. 흔히 마주칠 수 있는 상황은 극복했는데 길을 막고 공사를 한다든가 드문 경우의 수까지 테스트해야 하는 셈입니다. 방금 70%쯤 왔다고 했는데 공학적 제품을 만들 땐 마지막 오르막이 늘 어려워요. 남은 30%가 난코스겠지요.""-우리는 못 하는데 구글은 하는 기술엔 무엇이 있나요.""구글 자율주행차는 구급차를 구별할 수 있대요. 카메라와 사이렌 소리로 인식합니다. 구급차가 지나갈 땐 멈추거나 길을 비켜주는 식이죠. 저희는 소리로 특징을 포착하는 기술은 확보하지 못했어요.""공부 잘하는 학생들 보수적이고 모험 기피서 교수는 대학원 신입생을 뽑을 때 성적표를 보지 않는다. 수재 소리를 들으며 서울대 공대에 들어온 학생들에게서 단점을 많이 발견한다고 했다. 시험은 잘 보지만 모험심, 끈기, 열정, 팀워크, 배려심은 부족하다는 것이다. 그는 ""학생들을 겪어보니 지적 능력이 좀 떨어져도 노력과 열정으로 얼마든지 만회할 수 있더라""고 했다.-성적이 아니라면 선발 기준이 뭡니까.""면접하고 느낀 대로 뽑아요. 열정과 의지가 있는지 눈여겨봅니다. 적극적인 학생들은 어려운 상황도 이겨내더라고요.""-공부 잘하는 학생들이 어떤 문제점을 안고 있나요?""그들은 유치원부터 줄을 서서 들어가 험한 입시 경쟁을 통과했습니다. 그래서인지 너무 조심스럽고 모험을 기피해요. 안정된 직장을 선호하고 공대 다니다 의대로, 로스쿨로 가는 경우도 잦아졌어요. 스타트업에 도전하겠다는 학생은 드물어요.""-왜 그럴까요.""조심스럽고 보수적이고 모험을 피하는 게 입시 경쟁에서 생존하기 위한 일종의 자기 보호 체계 아니었나 싶습니다.""-그런 학생들을 어떻게 이끄나요.""자극을 줍니다. 저 스스로가 참고할 모델이 되나 봐요. 교수는 안정된 직업일 텐데 남이 하지 않는 일을 저질렀잖아요. 저렇게 살 수도 있구나, 싶겠지요. 지능형 자동차IT연구센터는 죽이 되든 밥이 되든 자기가 연구한 것을 차에 실어 돌려봐야 합니다. 자율주행차를 타고 하루 10시간 돌아다닐 수도 있어요. 그러다 체질이 야전적으로 바뀌고 작은 성취감도 맛보게 됩니다. 이론이 아니라 실전으로 배우는 거예요.""",우리나라 자율 행차 연구 공학자 자가용 공대생 멘토 서울대 전기 정보공 학부 교수 지하철 낙성대역 연구실 출근 이유 자율 주행 기술 완성 운전대 덕분 운동 생활 지난해 국내 교통사고 발생 사망 보행 사망자 비율 국가 평균 교수 교통사고 원인 분석 인간 실수 라며 사고 직전 결정 시간 자율 행차 돌발 상황 사람과 달리 위험 인지 대처 사고 제자 토르 드라이브 창업 자율 행차 스타트업 지난해 미국 실리콘밸리 자율 주행 택배 서비스 시작 주목 올가을 무인 자동차 고객 물건 배달 풍경 한국 이마트 토르 드라이브 자율 주행 배송 서비스 시범 운영 최근 발표 지난 서울 상암동 임시 번호판 자율 행차 당신 인공 지능 운전기사 물체 탐지 위치 인식 상황 판단 센서 레이저 스캐너 위성 항법 장치 안테나 레이더 카메라 서울대 지능 자동차 센터 자율 행차 스누버 개발 운용 기술 경험 교수 자율 주행 응용 분야 배달 방향 목표 자율 주행 기술 인간 차량 모두 제어 레벨 인간 개입 운전 레벨 모두 단계 교수 토르 드라이브 여의도 비롯 서울 도심 무사 고로 주행 레벨 특정 지역 상황 운전자 개입 목표 현재 단계 하필 배달 당시 다른 업체 승객 운송 자율 행차 개발 시장 물건 배송 진로 도시 사람 물건 실어 시장 예측 효율 성도 스타트업 이름 천둥 토르 마블 캐릭터 토르 일단 전기 관련 웃음 하늘 토르 망치 자율 주행 이군 하하 주인 의지 망치 우주 해주 자율 행차 대중 먼저 체험 기계 고령 사회 교통사고 고요 고령 운전자 인지 기능 운동 기능 반응 시간 생명 자율 주행 기술 지난 미국 라스베이거스 세계 최대 가전 전시회 자율 행차 이상 기술 문제 이해 분위기 자동차 전시관 응용 서비스 관점 주제 몇몇 업체 시내 자율 주행 택시 서비스 운영 단도직입 토르 드라이브 세계 수준 레벨 진입 자율 행차 레벨 구간 구글 저희 중이 상황 극복 공사 경우 테스트 방금 학적 제품 마지막 오르막 코스 구글 기술 무엇 구글 자율 행차 구급차 구별 대요 카메라 사이렌 소리 인식 구급차 식이 저희 소리 특징 포착 기술 확보 공부 학생 보수 모험 기피 교수 대학원 신입생 성적표 보지 수재 소리 서울대 공대 학생 단점 발견 시험 보지 모험심 끈기 열정 팀워크 배려 학생 지적 능력 노력 열정 얼마 만회 성적 선발 기준 면접 열정 의지 적극 학생 상황 공부 학생 문제점 안고 유치원 서서 입시 경쟁 통과 래서 모험 피해 안정 직장 선호 공대 의대 로스쿨 경우 스타트업 도전 학생 보수 모험 피하 입시 경쟁 생존 일종 자기 보호 체계 학생 자극 스스로 참고 모델 교수 안정 직업 수도 지능 자동차 센터 자기 연구 실어 자율 행차 타고 하루 수도 체질 야전 성취 이론 실전
"[윤평중 칼럼] 문재인 정부, 역사 전쟁에 불붙이다",2019-03-08,2019,"문재인 정부가 역사 전쟁을 시작했다. 3·1운동 100주년이야말로 민족주의적 감성을 극대화할 수 있는 시기이다. '과거를 지배해 미래를 지배하려는' 문 정부의 최종 병기는 '친일파' 딱지다. 정부와 언론·학교·시민사회의 이데올로기적 국가기구가 총동원되고 있다. 서울시 성북구는 인촌 김성수(1891~1955)를 기리는 인촌로를 폐지했다. 전교조는 '친일파'가 만든 전국의 중·고교 교가(校歌)를 없애려 한다. 방송마다 민족정기 특집으로 가득하다.일제(日帝)의 폭압 통치는 최악의 민족적 상처였다. 역사를 변조하고 한국어를 말살해 우리 얼까지 파괴하려 했다. 한반도 영구 복속을 위해서였다. 1945년 7월 패전(敗戰)이 코앞에 닥쳤어도 일제는 무조건 항복을 거부했다. 태평양 전역의 결사 항전과 '패전 후에도 천황제를 보존하고 한반도를 영유(領有)하겠다'는 '화평공작(和平工作)'을 고집했다. 일제의 망상은 핵무기라는 압도적 무력으로 분쇄된다. 한국인이 과거사 문제에서 비분강개할 수밖에 없는 이유다. '친일파'의 낙인은 그만큼 정서적 호소력이 강하다.문 대통령은 삼일절 100주년 기념사로 역사 전쟁에 불을 붙였다. ""일제가 독립운동가를 낙인찍던 말""인 '빨갱이'라는 용어를 ""하루빨리 청산해야 할 대표적 친일 잔재""로 규정했다. 대통령의 단언과는 달리 '빨갱이'의 어원은 논란이 분분하다. 해방 후 '빨갱이'라는 낙인이 정적(政敵)을 공격하고 인권을 탄압한 도구로 악용된 건 사실이다. 하지만 '빨갱이'라는 비어(卑語)가 대중에게 각인된 결정적 사건은 일제강점기가 아니라 단연 6·25전쟁이다. 북한의 한반도 적화 시도가 초래한 민족적 참화와 국가 소멸의 공포야말로 '빨갱이' 트라우마의 핵심이기 때문이다.결국 민족정기를 앞세운 문 대통령의 '빨갱이'론은 '100년 집권'을 노린 기억 전쟁의 방략(方略)이다. 현대 역사 전쟁에서 판도라의 상자가 열렸다. 정치적 경쟁 세력이 권력 쟁취를 위해 서로를 '친일파와 빨갱이'로 낙인찍어 숙청하던 치명적 상흔(傷痕)을 헤집었다. 6·25전쟁의 인륜적 비극은 최근의 기억인 데다 그 고통 또한 현재진행형이다. 북한의 핵무기 독점으로 남북의 사활을 건 체제 경쟁이 재개된 터에 엄존하는 '빨갱이' 트라우마를 친일 잔재로 낙인찍는 건 사회 갈등을 무한 증폭한다.남과 북은 공존 공영해야 한다. '신한반도 평화 체제'의 꿈은 숭고한 규범 명제다. 그러나 북핵이 기정사실이 되면서 우리가 '핵 인질'이 될 수도 있는 현실을 직시해야 한다. 오늘날 한국 사회에서 '빨갱이'는 더 이상 주홍글씨가 아니다. 김정은 찬양 집회가 서울 도심에서 공공연히 열리는 시대다. 오히려 '친일파' 딱지야말로 사회적 사망 증명서가 되었다. 거대한 애국 애족의 자취를 남긴 인촌이 작은 흠 때문에 친일파로 정죄(定罪)당하는 현실이 생생한 증거이다. 우리네 마음의 고향인 중·고교 교가에 친일 오명(汚名)을 덧씌우는 것은 문화대혁명 방식의 난폭한 자해 행위이다.친일 잔재 청산은 중요하다. 하지만 해방 후 70년이 지나서도 친일 잔재를 사회적 악(惡)의 근원으로 보는 것은 왜소한 도덕 근본주의적 역사관에 불과하다. 대한민국은 세계 일곱 번째 30-50 클럽(국민소득 3만달러-인구 5000만명) 국가가 되었다. 정치·경제·문화 등 거의 모든 영역에서 일본과 겨룰 수 있게 되었다. 대한민국은 이미 극일(克日)의 미래로 나아가고 있다. 한국 민주주의는 일본보다 역동적이다. 일본에 결정적 책임이 있는 과거사의 앙금에도 한국과 일본은 자유민주주의와 시장경제의 근본 가치를 공유한다. 작년에 한국 국민이 무려 754만명이나 일본을 방문했다. 역대 최고기록이다.정부·여당의 장기 집권을 노린 책략적 역사 전쟁은 반동적이다. 핵을 가진 북한과도 평화 공존 한다면서 일본을 적대하는 건 앞뒤가 맞지 않는다. 일본과는 사사건건 부딪치면서 미세 먼지 지옥을 가져온 중국 앞엔 유구무언인 것도 창피하다. 한반도 역사 전쟁의 최대 원인 제공자인 김씨 유일 지배 체제에 대해 문재인 정부가 침묵하는 것도 민주공화국의 국격(國格)을 훼손한다. 국제 정치 원리와 충돌하는 문재인 정부의 자폐적 역사 전쟁은 국익과 사회 통합에 해롭다. '친일파'라는 망령(亡靈)을 소환할 때 '빨갱이'라는 유령도 같이 튀어나온다. 과거를 들쑤시는 대신 미래로 나아갈 때다. 지금은 '친일파와 빨갱이'의 낙인을 판도라의 상자에 봉인(封印)할 때다.",문재인 정부 역사 전쟁 시작 운동 주년 민족주의 감성 극대 시기 과거 지배 미래 지배 정부 최종 병기 친일파 딱지 정부 언론 학교 시민사회 이데올로기 국가 구가 총동원 서울시 성북구 인촌 김성수 기리 인촌로 폐지 전교조 친일파 전국 고교 교가 방송 민족 정기 특집 일제 폭압 통치 최악 민족 상처 역사 변조 한국어 말살 파괴 한반도 영구 복속 패전 코앞 일제 무조건 항복 거부 태평양 전역 결사 항전 패전 천황제 보존 한반도 영유 화평 공작 고집 일제 망상 핵무기 압도 무력 분쇄 한국인 과거 문제 비분 이유 친일파 낙인 정서 호소 대통령 삼일절 주년 기념 역사 전쟁 일제 독립운동가 빨갱이 용어 청산 대표 친일 잔재 규정 대통령 단언 달리 빨갱이 어원 논란 해방 빨갱이 낙인 정적 공격 인권 탄압 도구로 악용 사실 빨갱이 비어 대중 각인 결정 사건 일제강점기 단연 전쟁 북한 한반도 시도 초래 민족 국가 소멸 공포 빨갱이 트라우마 핵심 이기 민족 정기 대통령 빨갱이 집권 기억 전쟁 방략 현대 역사 전쟁 판도라 상자 정치 경쟁 세력 권력 쟁취 위해 서로 친일파 빨갱이 숙청 치명 상흔 전쟁 인륜 비극 최근 기억 고통 현재 진행형 북한 핵무기 독점 남북 사활 체제 경쟁 재개 엄존하 빨갱이 트라우마 친일 잔재 사회 갈등 무한 증폭 공존 공영 한반도 평화 체제 규범 명제 북핵 기정 사실 인질 수도 현실 직시 오늘날 한국 사회 빨갱이 이상 주홍글씨 김정은 찬양 집회 서울 도심 공공 시대 오히려 친일파 딱지 사회 사망 증명서 애국 애족 자취 인촌 친일파 정죄 현실 증거 우리네 마음 고향 고교 교가 친일 오명 문화 대혁명 방식 자해 행위 친일 잔재 청산 해방 친일 잔재 사회 근원 도덕 주의 역사관 대한민국 세계 일곱 클럽 국민소득 인구 국가 정치 경제 문화 거의 모든 영역 일본 대한민국 극일 미래 한국 민주주의 일본 일본 결정 책임 과거 사의 앙금 한국 일본 자유 민주주의 시장경제 근본 가치 공유 작년 한국 국민 무려 일본 방문 역대 최고 기록 정부 여당 장기 집권 책략 역사 전쟁 반동 북한 평화 공존 일본 적대 앞뒤 일본 사사건건 미세 먼지 지옥 중국 유구무언 한반도 역사 전쟁 최대 원인 제공 김씨 유일 지배 체제 대해 문재인 정부 침묵 민주공화국 국격 훼손 국제 정치 원리 충돌 문재인 정부 자폐 역사 전쟁 국익 사회 통합 친일파 망령 소환 빨갱이 유령 과거 대신 미래 지금 친일파 빨갱이 낙인 판도라 상자 봉인
靑 '4·11 임시 공휴일' 없던 일로,2019-03-06,2019,"청와대가 임시정부 수립일인 4월 11일을 임시 공휴일로 지정하는 방안을 검토했다가 최근 추진하지 않기로 잠정 결론 낸 것으로 5일 알려졌다. 정부 관계자는 ""임시정부 수립이라는 역사적 의미를 기념하기 위해 다음 달 11일을 공휴일로 지정하는 방안이 긍정적으로 검토됐던 것은 사실""이라며 ""그러나 최근 국무위원들의 의견을 수렴한 결과, 반대 의견이 절대적으로 많아 국무회의 안건으로 올리지 않는 것으로 잠정 결정됐다""고 했다. 임시 공휴일은 국무회의 심의와 대통령 재가를 거쳐 대통령령으로 확정된다.앞서 청와대는 지난 2월 대한민국 임시정부 기념관 건립추진위원회(위원장 김자동)가 임시정부 수립의 역사적 의미를 전파하자는 취지로 임시공휴일 지정을 제안하자 이 방안을 긍정적으로 검토하기 시작했다. 이용선 청와대 시민사회수석은 지난달 27일 국회 당·정·청 토론회에 참석해 ""(4월 11일을) 공휴일로 하는 것이 역사적 의미가 있지 않으냐""며 ""(임시정부 수립) 100년 의미를 공유할 수 있도록 협력했으면 좋겠다""고 했었다.그러나 국무위원 사이에서 ""최근 '유치원 대란'을 겪었던 어린 자녀를 키우는 워킹맘들의 고충이 많을 것""이라는 반론이 제기됐던 것으로 알려졌다. 산업·경제계(界)에서도 임시공휴일 지정으로 인한 '경제 손실' 우려로 반대 의견이 많았다고 한다. 정부 관계자는 ""국민 여론이 대체적으로 (공휴일 지정) 찬성에 가까운 만큼 변수도 있다""고 했다.",청와대 임시정부 수립 일인 임시 공휴일 지정 방안 검토 최근 추진 잠정 결론 정부 관계자 임시정부 수립 역사 의미 기념 위해 다음 공휴일 지정 방안 긍정 검토 사실 라며 최근 국무위원 의견 수렴 결과 반대 의견 절대 국무회의 안건 리지 잠정 결정 임시 공휴일 국무회의 심의 대통령 대통령령 확정 앞서 청와대 지난 대한민국 임시정부 기념관 건립 추진 위원회 위원장 자동 임시정부 수립 역사 의미 전파 취지 임시 공휴일 지정 제안 방안 긍정 검토 시작 용선 청와대 시민사회 수석 국회 토론회 참석 공휴일 역사 의미 임시정부 수립 의미 공유 협력 국무위원 사이 최근 유치원 대란 자녀 워킹맘 고충 반론 제기 산업 경제 임시 공휴일 지정 경제 손실 우려 반대 의견 정부 관계자 국민 여론 체적 공휴일 지정 찬성 만큼 변수
수소차·차량공유·자율주행… 글로벌 전략 투자로 모두 잡는다,2019-03-05,2019,"현대·기아차그룹은 수소 전기차에 2030년까지 약 8조원을 투자할 계획이다. 세계 최고 수준의 기술 경쟁력을 갖춘 수소 전기차의 대중화를 선도하고, '수소 사회' 구현도 주도해 나가겠다는 것이다. 자율주행 분야에서도 2021년 국내 자율주행 친환경 로보 택시 시범 운영을 목표로 글로벌 업체와 제휴를 추진하고 있다.◇수소차 보편화 위해 아우디 등과 파트너십현대차그룹은 수소 전기차의 보편화를 위해 글로벌 기업들과 적극적으로 제휴를 맺고 있다. 지난해 6월 아우디와 연료전지 기술 파트너십 협약을 체결하고 수소 전기차 기술 확산과 시장 활성화를 위해 특허 및 주요 부품을 공유하기로 했다. 지난해 10월에는 현대차가 가스 회사인 에어리퀴드 등과 수소 전기차와 수소 충전 인프라 확대를 위한 제휴를 맺었다.현대·기아차는 친환경차의 핵심인 배터리 관련 제휴도 진행하고 있다. 지난해 3월 현대차는 배터리 성능·비용 경쟁력을 높이는 고체 고분자 전해질을 개발하는 '아이오닉 머터리얼'과 손잡았다. 지난해 6월 재활용 배터리 ESS(에너지 저장 장치) 관련 글로벌 에너지 전문 기업 바르질라와 파트너십을 체결, 신에너지 시장에서도 미래 먹거리를 찾고 있다.지난해 7월 현대차는 중국 임모터에 투자, 배터리 공유 분야 등으로 제휴 범위를 넓혔다. 임모터는 최종 소비자에게 배송하는 마지막 단계를 뜻하는 '라스트 마일' 분야 스타트업으로 배터리에 통신 기능을 적용해 최적의 배터리 교체를 가능케 한다. 작년 7월엔 국내 라스트 마일 서비스 업체 메쉬코리아에 225억원을 투자, 자율주행과 커넥티드카 기술을 접목시켜 스마트 물류 설루션을 개발하고 있다.◇그랩 등 차량 공유 업체에 전략적 투자현대차그룹은 공유 경제 확산 흐름에 맞춰 카셰어링 등 차량 공유 업체와 전략적 제휴에도 적극적이다. 현대·기아차는 지난해 1월과 11월 동남아 최대 카헤일링(차량 호출 서비스) 업체 그랩에 2억7500만달러를 투자했다. 이는 현대·기아차의 최대 외부 투자로 그랩의 성장 가능성은 물론 전략적 파트너십의 중요성에 따른 결정이었다.지난해 7월에는 호주 카셰어링(차량 공유 서비스) 업체 카 넥스트 도어에 투자한 데 이어 8월에는 인도 2위 차량 공유 업체 레브에 투자했다. 지난해 9월에는 카셰어링, 카헤일링, 자전거 공유 업체 등 다양한 공유 업체들과 고객을 연결해주는 미국 모빌리티 다중 통합 업체 미고에 투자한다고 밝혔다. 이로써 현대차는 미국, 유럽, 아·태 지역을 잇는 '모빌리티 비즈니스 벨트'를 구축했다.현대·기아차는 차별화된 인포테인먼트 사양을 제공하기 위해 관련 IT 기업들과 협업도 강화하고 있다. 현대차는 지난해 9월 홀로그램 전문 기업 웨이레이에 증강현실 내비게이션 개발을 위한 전략적 투자를 실시, 2020년 이후 양산차에 탑재하는 것을 목표로 하고 있다.차량용 증강현실 내비게이션은 전면 유리창에 도로 정보를 표시해 운전자가 전방만 주시해도 여러 정보를 얻을 수 있다. 동영상도 화면에 재생할 수 있어 차량 정차시 영화나 드라마 감상도 가능하다.◇자율주행 분야 글로벌 혁신망 구축현대·기아차는 자율주행 분야에서도 글로벌 협업 체계를 구축하고 있다. 현대차는 지난 2017년 12월 이스라엘 자율주행 개발 업체 옵시스, 지난해 5월 미국 메타웨이브에 투자해 자율주행용 첨단 레이더 기술을 공동 개발하기로 했다. 지난해 10월에는 인공지능 전문 업체 퍼셉티브 오토마타에 투자했다. 이를 통해 자율주행, 로보틱스, 스마트시티 등 혁신 산업 분야에서 폭넓게 활용할 수 있는 고도화된 인공지능 기술을 공동으로 연구하고 있다.지난해 11월에는 이스라엘 오픈이노베이션 센터인 '크래들 텔아비브'를 개소하면서 이스라엘 유력 인공지능 스타트업 알레그로.ai에 투자했다. 이로써 현대차는 미국 현대 크래들 실리콘밸리, 한국 제로원, 이스라엘 크래들 텔아비브 등 글로벌 오픈이노베이션 3곳을 통해 최고 기술력을 보유한 기업들과 협력하고 있다.현대·기아차는 차량과 차량, 차량과 사물 간의 유기적인 정보 교환으로 사고를 예방하고, 높은 단계의 자율주행을 실현하기 위한 커넥티드카 기술 제휴를 진행하고 있다. 지난해 7월 현대차는 이스라엘 오토톡스와 상호 협력한다고 밝혔고, 같은 달에 현대·기아차는 중국의 바이두와 커넥티드카 전략적 협업 양해 각서를 체결했다. 지난해 11월에는 유럽 최대 통신사인 보다폰과 손잡고 올해부터 유럽 고객에게 현대·기아차의 커넥티드카 서비스를 본격 제공할 방침이다.",현대 기아차 그룹 수소 전기차 투자 계획 세계 최고 수준 기술 경쟁력 수소 전기차 대중화 선도 수소 사회 구현 자율 주행 분야 국내 자율 주행 친환경 로보 택시 시범 운영 목표 글로벌 업체 제휴 추진 수소차 보편화 위해 아우디 파트너 현대차 그룹 수소 전기차 보편화 위해 글로벌 기업 적극 제휴 지난해 아우디 연료 전지 기술 파트너 협약 체결 수소 전기차 기술 확산 시장 활성화 위해 특허 주요 부품 공유 지난해 현대차 가스 회사 에어리 퀴드 수소 전기차 수소 충전 인프라 확대 제휴 현대 기아차 친환 경차 핵심 배터리 관련 제휴 진행 지난해 현대차 배터리 성능 비용 경쟁력 고체 고분자 전해질 개발 아이오 머터 리얼 지난해 재활용 배터리 에너지 저장 장치 관련 글로벌 에너지 전문 기업 바르질라 파트너 체결 에너지 시장 미래 먹거리 지난해 현대차 중국 모터 투자 배터리 공유 분야 제휴 범위 모터 최종 소비자 배송 마지막 단계 라스트 마일 분야 스타트업 배터리 통신 기능 적용 최적 배터리 교체 가능 작년 국내 라스트 마일 서비스 업체 메쉬 코리아 투자 자율 주행 커넥티드카 기술 접목 스마트 물류 설루션 개발 차량 공유 업체 전략 투자 현대차 그룹 공유 경제 확산 흐름 카셰어링 차량 공유 업체 전략 제휴 적극 현대 기아차 지난해 동남아 최대 헤일 차량 호출 서비스 업체 투자 현대 기아차 최대 외부 투자 성장 가능성 전략 파트너 중요성 결정 지난해 호주 카셰어링 차량 공유 서비스 업체 넥스트 도어 투자 인도 차량 공유 업체 레브 투자 지난해 카셰어링 헤일 자전거 공유 업체 공유 업체 고객 연결 미국 모빌리티 다중 통합 업체 미고 투자 현대차 미국 유럽 지역 모빌리티 비즈니스 벨트 구축 현대 기아차 차별 인포테인먼트 사양 제공 위해 관련 기업 협업 현대차 지난해 홀로그램 전문 기업 웨이 레이 증강현실 내비게이션 개발 전략 투자 실시 이후 산차 탑재 목표 차량 증강현실 내비게이션 전면 유리창 도로 정보 표시 운전자 전방 주시 여러 정보 동영상 화면 재생 차량 정차 영화 드라마 감상 자율 주행 분야 글로벌 혁신 구축 현대 기아차 자율 주행 분야 글로벌 협업 체계 구축 현대차 지난 이스라엘 자율 주행 개발 업체 시스 지난해 미국 메타 웨이브 투자 자율 주행 첨단 레이더 기술 공동 개발 지난해 인공 지능 전문 업체 퍼셉티브 오토마타 투자 통해 자율 주행 로보틱스 스마트 시티 혁신 산업 분야 활용 고도화 인공 지능 기술 공동 연구 지난해 이스라엘 오픈 이노베이션 센터 텔아비브 이스라엘 유력 인공 지능 스타트업 알레그로 투자 현대차 미국 현대 실리콘밸리 한국 제로원 이스라엘 텔아비브 글로벌 오픈 이노베이션 통해 최고 기술 보유 기업 협력 현대 기아차 차량 차량 차량 사물 간의 유기 정보 교환 사고 예방 단계 자율 주행 실현 커넥티드카 기술 제휴 진행 지난해 현대차 이스라엘 오토톡스 상호 협력 현대 기아차 중국 바이두 커넥티드카 전략 협업 양해 각서 체결 지난해 유럽 최대 통신사 올해 유럽 고객 현대 기아차 커넥티드카 서비스 본격 제공 방침
"""대마불사는 없다… 과감한 투자로 시장 선점하라""",2019-03-05,2019,"126년 역사의 미국 백화점 체인 시어스(Sears)가 지난해 10월 파산 위기에 직면하자 미 언론은 ""소매업의 몰락""이라고 부르며, 아마존을 파산의 원인으로 꼽았다. 아마존의 유통 혁신이 전통 오프라인 기업의 몰락을 가져왔다는 것이다. 하지만 전문가들은 업(業)의 본질을 제대로 파악하지 못한 전략, 현실에 안주해 도전하지 않는 안일함이 진짜 원인이라고 진단했다. 온라인 쇼핑의 거대한 파고(波高)에 직면하고도 혁신을 거부하고 변화를 회피한 결과라는 것이다.'유통 거목'이 쓰러지는 모습을 지켜본 제프 베이조스 아마존 최고 경영자(CEO)는 한 달 뒤 미국 시애틀 본사에서 열린 회의에서 ""아마존에도 대마불사는 없다""고 경고했다. 그는 ""역사적으로 보면 큰 기업들의 수명도 100여년이 아니라 30년이면 끝나는 경향이 있다""며 ""아마존이 소비자가 아니라 우리 자신에게 집중하게 될 때가 종말의 시작""이라고 말했다. 과감한 도전과 변화만이 생존을 담보할 수 있다는 이야기다.2008년 세계 휴대전화 시장 40%를 장악했던 노키아가 시장에서 사라진 뒤 핀란드에서 일어난 창업 바람은 몰락과 침체의 폐허 속에서 싹튼 도전 정신이 새로운 변화의 원동력이 될 수 있음을 역설한다. 아이디어와 기술을 바탕으로 실패를 두려워하지 않는 창업이 곳곳에서 일어나면서 '노키아의 나라' 핀란드는 '스타트업의 나라'로 환골탈태했다. 스웨덴 말뫼는 조선 산업 붕괴로 2만8000여명의 실업자가 발생했지만, 스타트업 유치와 바이오 산업 활성화를 통해 사라진 것의 두 배가 넘는 일자리를 새로 만들어 냈다. 미래 산업에 대한 적극적인 대응과 투자를 통해 화려하게 부활한 말뫼의 사례도 우리 기업들이 곱씹어 볼 만하다.매킨지 컨설팅 출신의 나와 다카시는 '글로벌 성장기업의 법칙'에서 21세기에 들어 15년간 성장을 거듭한 글로벌 기업 100곳을 분석한 결과, 성장하는 기업에는 이노베이션과 마케팅이라는 '트윈 엔진'이 작동한다고 밝혔다. 이노베이션은 새로운 비즈니스를 구축하는 '모델 구축력'이고, '마케팅'은 새로운 시장을 창출하는 '시장 개척력'이라는 것이다.21세기는 기업과 업종을 넘나드는 초(超)경쟁 시대다. 100년, 200년 기업은 지난 세기의 낡은 개념이다.글로벌 시장에서 무한 경쟁을 벌이는 우리 기업에 미래를 어떻게 예측하고 준비하느냐는 사활이 걸린 문제다. 급변하는 경영 환경과 치열한 경쟁 속에서도 통 큰 투자와 과감한 결단력으로 새로운 도약을 노리는 우리 기업의 도전이 국내외에서 한창이다.",역사 미국 백화점 체인 시어스 지난해 파산 위기 직면 언론 소매업 몰락 아마존 파산 원인 꼽았다 아마존 유통 혁신 전통 오프라인 기업 몰락 전문가 본질 제대로 파악 전략 현실 안주 도전 진짜 원인 진단 온라인 쇼핑 파고 직면 혁신 거부 변화 회피 결과 유통 거목 모습 제프 베이 조스 아마존 최고 경영 미국 시애틀 본사 회의 아마존 대마불사 경고 역사 기업 수명 경향 아마존 소비자 자신 집중 종말 시작 과감 도전 변화 생존 담보 이야기 세계 휴대전화 시장 장악 노키아 시장 핀란드 창업 바람 몰락 침체 폐허 도전 정신 변화 원동력 역설 아이디어 기술 바탕 실패 창업 곳곳 노키아 나라 핀란드 스타트업 나라 환골탈태 스웨덴 말뫼 조선 산업 붕괴 여명 실업자 발생 스타트업 유치 바이오 산업 활성화 통해 일자리 미래 산업 대한 적극 대응 투자 통해 부활 말뫼 사례 기업 만하 매킨 컨설팅 출신 다카 글로벌 성장 기업 법칙 세기 성장 거듭 글로벌 기업 분석 결과 기업 이노베이션 마케팅 트윈 엔진 작동 이노베이션 비즈니스 구축 모델 구축 마케팅 시장 출하 시장 개척 세기 기업 업종 경쟁 시대 기업 지난 세기 개념 글로벌 시장 무한 경쟁 기업 미래 예측 준비 사활 문제 급변 경영 환경 경쟁 투자 과감 결단 도약 기업 도전 국내외 한창
美 제약·바이오 기업 인수… 글로벌 비즈니스 영토 넓혀,2019-03-05,2019,"""어려운 경제 환경 속에서도 더 큰 행복을 만들어 사회와 함께합시다.""최태원 SK그룹 회장은 올해 신년사에서 '사회적 가치'를 행복을 더 키워나가는 방법으로 제시했다. 사회와 SK 구성원의 행복을 키워나가는 행동 원칙도 제시했다. 또 행복 창출 방법론으로 사회적 가치를 통한 비즈니스 모델 혁신과 글로벌 성과 창출 등 국내외 경영 환경 변화에 따른 경영 전략을 실행해 나가기로 했다.◇사회적·경제적 가치 함께 추구…기업 체질 변화최 회장은 네 가지 행동 원칙으로 먼저 회사의 제도 기준을 관리에서 행복으로 바꿀 것과 평가 요소 중 사회적 가치 비중을 50% 늘릴 것 등을 제안했다. 그는 ""회사의 제도 기준을 관리에서 행복으로 바꿔야 한다""며 ""단순히 제도만 만들 것이 아니라 실제적인 시행과 적극적인 참여가 뒷받침돼야 한다""고 말했다. 또 ""핵심성과지표(KPI)에서 사회적 가치의 비중을 50%까지 늘리겠다""며 ""완벽한 평가가 되지 못할지라도 평가를 안 하는 것보다 하는 것이 좋다""고 덧붙였다.최 회장은 SK그룹의 구성원 개념을 고객과 주주, 나아가 사회 등으로 범위를 넓혀야 한다고 강조했다. 그는 ""보이는, 또 보이지 않는 자산을 공유하고 있는 우리 협력 업체는 SK가 아니라고 할 수 없다""고 했다. 작은 실천 방법을 만들자는 제안도 했다. 최 회장은 ""우리는 이미 경제적 가치 창출을 위한 최적화된 시스템이 있다""며 ""여기에 인사하기나 칭찬하기, 격려하기 등 작은 실천이 더해진다면 분명 더 행복해질 것""이라고 말했다.SK그룹은 기업이 성장하고 지속하기 위해서는 사회 및 이해 관계자들의 신뢰를 받아야 한다고 보고 있다. 이를 위해 SK는 사회적 가치를 추구하고 이를 구체적으로 측정할 계획이다. 주요 계열사 정관에도 '사회적 가치 창출'이라는 경영 목표를 반영했다.◇글로벌 영토 넓히는 SK그룹SK그룹 경영진은 글로벌에서의 새로운 비즈니스 확보를 위해 연초부터 글로벌 현장을 누비고 있다. 최 회장은 지난 1월 스위스 다보스 포럼에 참석해 사회적 가치를 강조했다. SK 주요 계열사들은 세계 최대 소비자 가전 박람회인 'CES 2019'에 모빌리티 관련 공동 부스를 마련해 주목받았다. 지난 11월에는 워싱턴DC에서 'SK Night(SK의 밤)' 행사를 열어 미국 사업 성과를 소개하고, 지속적인 투자와 긴밀한 협력을 통한 사업 확대의 필요성을 강조했다.SK㈜는 작년 7월 미국 제약·바이오 기업 앰팩(AMPAC) 인수를 결정했다. SK바이오텍은 고부가가치 원료 의약품을 생산해 글로벌 제약사에 수출하고 있다. 특히 뇌전증 신약은 지난 2월 유럽 32개국에 5억달러 규모의 기술 수출에 성공했다. SK케미칼의 백신사업 부문을 분할해 새롭게 출범한 SK바이오사이언스는 지난해 자체 개발한 수두 백신 '스카이바리셀라'를 출시하기도 했다.SK이노베이션은 비즈니스 모델 혁신을 위해 글로벌 성장, 기술 리더십, 환경 이니셔티브 등 세 가지를 중점 추진하고 있다. 특히 전기차 배터리 사업 중심으로 기술, 비용 절감에 대한 역량 강화를 통해 성능과 원가 경쟁력을 확보해 글로벌 톱 플레이어 지위를 강화하겠다는 방침이다.SK텔레콤은 올해 5G 서비스를 본격 전개하고 미디어·보안·커머스를 중심으로 뉴 ICT(정보통신기술) 사업을 견인할 예정이다. 5G 서비스는 5G 스마트폰 출시에 맞춰 수도권을 비롯해 주요 도시를 중심으로 확대한다. 미디어 사업은 '옥수수'와 '푹'을 통합해 글로벌 OTT(온라인 동영상 서비스) 플랫폼으로 육성한다. 미국 최대 규모 지상파 방송사 '싱클레어'와 손잡고 현지 차세대 방송 설루션 시장에도 진출한다.SK하이닉스는 2017년 2조4870억원, 지난해에는 상반기에만 1조2932억원을 연구·개발비로 투자했다. 고객이 요구하는 고품질·고사양 메모리 반도체 개발을 지속하고, 이를 바탕으로 탄탄한 기술력과 제품 포트폴리오를 갖춰나가고 있다.",경제 환경 행복 사회 최태원 그룹 회장 올해 신년사 사회 가치 행복 방법 제시 사회 구성원 행복 행동 원칙 제시 행복 방법론 사회 가치 통한 비즈니스 모델 혁신 글로벌 성과 국내외 경영 환경 변화 경영 전략 실행 사회 경제 가치 추구 기업 체질 변화 회장 가지 행동 원칙 먼저 회사 제도 기준 관리 행복 평가 요소 사회 가치 비중 제안 회사 제도 기준 관리 행복 제도 실제 시행 적극 참여 뒷받침 핵심 성과지표 사회 가치 비중 평가 평가 회장 그룹 구성원 개념 고객 주주 사회 범위 강조 보이지 자산 공유 협력 업체 실천 방법 제안 회장 경제 가치 최적화 시스템 여기 인사 칭찬 격려 실천 분명 그룹 기업 지속 사회 이해 관계자 신뢰 보고 위해 사회 가치 추구 구체 측정 계획 주요 열사 정관 사회 가치 경영 목표 반영 글로벌 영토 그룹 그룹 영진 글로벌 비즈니스 확보 위해 연초 글로벌 현장 누비 회장 지난 스위스 다보스 포럼 참석 사회 가치 강조 주요 열사 세계 최대 소비자 가전 박람회 모빌리티 관련 공동 부스 마련 주목 지난 워싱턴 행사 미국 사업 성과 소개 지속 투자 협력 통한 사업 확대 필요성 강조 작년 미국 제약 바이오 기업 앰팩 인수 결정 바이오 부가가치 원료 의약품 생산 글로벌 약사 수출 뇌전증 신약 지난 유럽 개국 규모 기술 수출 케미칼 백신 사업 부문 분할 출범 바이오 사이언스 지난해 자체 개발 수두 백신 스카이 바리 셀라 출시 이노베이션 비즈니스 모델 혁신 위해 글로벌 성장 기술 리더십 환경 이니셔티브 가지 중점 추진 전기차 배터리 사업 중심 기술 비용 절감 대한 역량 강화 통해 성능 원가 경쟁력 확보 글로벌 플레이어 지위 방침 텔레콤 올해 서비스 본격 전개 미디어 보안 커머스 중심 정보통 기술 사업 견인 예정 서비스 스마트폰 출시 수도권 비롯 주요 도시 중심 확대 미디어 사업 옥수수 통합 글로벌 온라인 동영상 서비스 플랫폼 육성 미국 최대 규모 지상파 방송사 싱클레어 현지 차세대 방송 설루션 시장 진출 하이닉스 지난해 상반기 연구 개발 투자 고객 요구 품질 사양 메모리 반도체 개발 지속 바탕 기술 제품 포트폴리오
단순 시공은 그만… 글로벌 디벨로퍼 '닻' 올렸다,2019-03-05,2019,"국내 대형 건설사들의 체질 개선이 본격화하고 있다. 단순히 지시에 따라 공사를 해주고 정해진 공사비만 받아가는 '도급형 건설사업'에서 벗어나, 사업 전체를 기획·총괄하고 최종 결과물에서 나오는 수익까지 공유하는 '종합 디벨로퍼(developer·개발사업자)'로의 체질 개선이다.건설사들은 2~3년 전부터 디벨로퍼형 사업에 적극적으로 뛰어들었다. 저(低)유가 시대가 장기화하면서 중동 중심의 해외건설 시장이 침체에서 벗어나질 못하는 데다, 당시의 주택 부문 호황 역시 장기간 지속될 수 없다는 판단에서였다. 각 건설사들의 사운(社運)을 건 대형 사업이 최근 잇달아 본궤도에 오르기 시작했다.◇베트남 신도시 건설하는 GS와 대우디벨로퍼형 사업은 각종 프로젝트의 기획과 제안부터 설계, 자재 조달, 시공, 마케팅, 사후 관리와 운영까지 맡는 사업 모델이다. 사업 기회를 발굴하기 쉽지 않지만 일단 성공만 하면 단순 도급 사업에 비해 수익률이 2~3배 높다.현재 국내 건설기업이 벌이고 있는 디벨로퍼형 사업 가운데 가장 규모가 큰 것은 GS건설이 베트남에서 단독으로 진행 중인 '냐베(Nhabe) 신도시' 프로젝트다. 베트남의 경제 수도 호찌민 남부 100만평 부지에 주택 1만7000가구와 국제학교, 종합병원, 상업시설 등과 첨단 통신 인프라를 갖춘 신도시를 건설하는 사업이다. 빌라·타운하우스 359가구를 건설·분양하는 1-1단계 사업을 작년에 착수했고, 조만간 분양에 나선다. 이 회사 조승열 베트남사업법인장은 ""냐베신도시 인근에서 최근 분양한 고급 빌라 단지가 단기간에 다 팔렸다""며 ""현지 경제가 급성장하고 있어 고급 주택 수요가 급증하는 상황""이라고 말했다. 증권가에서는 GS건설이 주택분양 등을 통해 이 사업에서 거둬들일 수 있는 총매출을 최대 10조원 규모로 보고 있다.대우건설이 베트남에서 진행 중인 '스타레이크 프로젝트'도 순항 중이다. 1단계 사업으로 2016~2018년 4차에 걸쳐 분양한 빌라 364가구가 완판(完販)돼 입주 중이고, 현재는 아파트 603가구를 분양하고 있다. 스타레이크 프로젝트는 베트남 수도 하노이 신도심 중심부에 고급 주택을 건설·분양하고, 재정부·국토부 등 8개 중앙정부 청사, 주요 상업 시설, 국제학교 등이 들어설 부지를 조성·판매하는 사업이다. 총사업비는 23억달러(약 2조6000억원)다.",국내 대형 건설 체질 개선 본격 지시 공사 정해진 공사 비만 도급 건설 사업 사업 전체 기획 총괄 최종 결과물 수익 공유 종합 디벨로퍼 개발 사업자 체질 개선 건설 디벨로퍼 사업 적극 유가 시대 장기 중동 중심 해외 건설 시장 침체 당시 주택 부문 호황 장기간 지속 판단 건설 대형 사업 최근 궤도 시작 베트남 신도시 건설 대우 디벨로퍼 사업 각종 프로젝트 기획 제안 설계 자재 조달 시공 마케팅 사후 관리 운영 사업 모델 사업 기회 발굴 일단 성공 단순 도급 사업 수익률 현재 국내 건설 기업 벌이 디벨로퍼 사업 가운데 규모 건설 베트남 단독 진행 중인 신도시 프로젝트 베트남 경제 수도 호찌민 남부 부지 주택 가구 국제 학교 종합병원 상업시설 첨단 통신 인프라 신도시 건설 사업 빌라 타운하우스 가구 건설 분양 단계 사업 작년 착수 조만간 분양 회사 승열 베트남 사업 법인 도시 인근 최근 분양 고급 빌라 단지 단기간 현지 경제 급성 고급 주택 수요 급증 상황 증권 건설 주택 분양 통해 사업 매출 최대 규모 보고 대우건설 베트남 진행 중인 스타 레이크 프로젝트 순항 중이 단계 사업 분양 빌라 가구 완판 중이 현재 아파트 가구 분양 스타 레이크 프로젝트 베트남 수도 하노이 신도심 중심부 고급 주택 건설 분양 재정부 국토부 중앙정부 청사 주요 상업 시설 국제 학교 부지 조성 판매 사업 사업
